Date,Low,Close,Volatility,MA_25,MA_100,RSI_14,Month_Growth_Rate,STOCH_%K,STOCH_%D,Vol_zscore,Ulcer_Index,Return_Entropy_50d,VIX,Growth_Since_Last_Bottom,Days_Since_Last_Bottom,Week_Growth_Rate,Target
2023-01-03,57.52834789230169,58.427974700927734,0.04558587780685635,58.427974700927734,58.427974700927734,76.93086205857772,0.0,33.098541415655596,33.098541415655596,0.7071067811865585,0.0,2.2718685126965625,22.899999618530273,0.0,0,0.0,1
2023-01-04,57.13595906751098,58.48540115356445,0.03570235967097371,58.456687927246094,58.456687927246094,76.93086205857772,0.0009828588605144124,43.38464038354651,38.24159089960105,0.7071067811865585,0.0006943037626140503,2.2718685126965625,22.010000228881836,0.0009828588605144124,1,0.0009828588605144124,0
2023-01-05,58.14085554792589,59.54772186279297,0.032395281034656845,58.82036590576172,58.82036590576172,76.93086205857772,0.01916457258011811,77.53831205141456,51.34049795020556,0.7071067811865585,0.014965038009474886,2.2538575896013517,22.459999084472656,0.01916457258011811,2,0.01916457258011811,0
2023-01-06,60.23679971467115,61.01201248168945,0.026651926049136458,59.36827754974365,59.36827754974365,76.93086205857772,0.04422603716778649,82.15013262433382,59.042906618737625,0.7071067811865585,0.03195583683572648,2.2450352741261774,21.1299991607666,0.04422603716778649,3,0.04422603716778649,0
2023-01-09,61.232135401786124,61.327842712402344,0.04008019390681084,59.76019058227539,59.76019058227539,76.93086205857772,0.04963149974507955,63.662787301080236,59.96688275520614,-1.153677809742731,0.03241312986518684,2.242973226438147,21.969999313354492,0.04963149974507955,4,0.04963149974507955,0
2023-01-10,60.40907495284967,61.394840240478516,0.022875775865825322,60.032632191975914,60.032632191975914,76.93086205857772,0.0507781684156797,64.68028915488514,60.75245048848598,-1.027158168613815,0.030348507240255902,2.21106887114461,20.579999923706055,0.0507781684156797,5,0.0507781684156797,0
2023-01-11,60.897174720672716,61.3374137878418,0.02107690664438098,60.219029562813894,60.219029562813894,76.93086205857772,0.049795309555165285,63.80814470876665,61.188978234240366,-0.9586174890723376,0.028099482084523304,2.1660849392498287,21.09000015258789,0.049795309555165285,6,0.048764522052073246,0
2023-01-12,61.490537850281655,62.916542053222656,0.034573695456334846,60.55621862411499,60.55621862411499,76.93086205857772,0.07682223070832629,87.79061068264528,64.51418229029098,0.4656247505882978,0.04427990149236275,2.1500602244842355,18.829999923706055,0.07682223070832629,7,0.05657345209934249,0
2023-01-13,61.89249654145759,62.505008697509766,0.022205309269546104,60.77275085449219,60.77275085449219,76.93086205857772,0.06977880060794397,81.54058975852477,66.40600534231696,1.1864864593648947,0.04180438747777602,2.2161022480912638,18.350000381469727,0.06977880060794397,8,0.024470528918684353,0
2023-01-17,61.78722550555179,61.94035720825195,0.021858764066040547,60.88951148986816,60.88951148986816,76.93086205857772,0.06011473999061015,72.96513998341779,67.06191880642703,1.4815013520319473,0.03996147350658127,2.159731616075493,19.360000610351562,0.06011473999061015,9,0.00998754348366701,0
2023-01-18,61.519253612057895,61.65324020385742,0.04248473009377371,60.958941372958094,60.958941372958094,76.93086205857772,0.055200706843574296,64.21764036793205,66.80334803929112,1.049681655023767,0.03857974064793388,2.180945560561596,20.34000015258789,0.055200706843574296,10,0.004208822148030273,0
2023-01-19,61.04072962945458,62.84955596923828,0.034978104805529674,61.11649258931478,61.11649258931478,76.93086205857772,0.07567575790437829,81.22445780277756,68.00510718624834,0.9898673727669226,0.036938568168386886,2.2025210748201953,20.520000457763672,0.07567575790437829,11,0.024652851954710533,0
2023-01-20,62.619861640288036,64.03630065917969,0.02540835201738748,61.341093210073616,61.341093210073616,76.93086205857772,0.09598699915509655,97.30098561474178,70.25863629613244,0.8051034200205427,0.04904630566036514,2.200516493092306,19.850000381469727,0.09598699915509655,12,0.01779752302677092,0
2023-01-23,63.48120868591508,63.64390563964844,0.02050211415052687,61.505579812186106,61.505579812186106,76.93086205857772,0.08820157482615804,84.89388905176443,71.3040114929633,0.8009514619797423,0.047290568337273034,2.18588935921926,19.809999465942383,0.08927112338600166,13,0.018220890867327345,0
2023-01-24,61.490534157082166,61.662803649902344,0.049875684493955054,61.51606140136719,61.51606140136719,56.49210040060341,0.03551910502945597,59.05110582459716,70.48715111507222,2.6163490400904132,0.04226873617129298,2.1742933185645,19.200000762939453,0.055364386075891926,14,-0.004480980912273985,0
2023-01-25,59.63386828117022,61.74894714355469,0.034920130299448404,61.530616760253906,61.530616760253906,57.02672965120557,0.012078517522863201,60.17481759936232,69.84263027034035,1.8116487388112075,0.03662052926159475,2.155185248848456,19.079999923706055,0.0568387396555476,15,0.0015523424134856352,0
2023-01-26,61.97863353412997,64.20855712890625,0.036249544459312416,61.68814266429228,61.68814266429228,68.81123240971776,0.04697237484796345,92.25957043077159,71.16127380918925,2.324168788781548,0.03372528992733446,2.15921083131302,18.729999542236328,0.09893518400333548,16,0.021623082911407233,0
2023-01-27,63.65347194672713,63.68218231201172,0.02114665877405919,61.79892264472114,61.79892264472114,64.72079067957631,0.03725625903697889,83.11056350635347,71.82512323680947,1.8678410050861647,0.031067108544036232,2.137525916833298,18.510000228881836,0.0899262320485765,17,-0.005529962591885067,0
2023-01-30,61.318265913971,61.37568664550781,0.028714667250250077,61.776647065815176,61.776647065815176,50.54285842662206,0.0006239724713271496,53.82739557755761,70.87787441263833,2.268841562376177,0.030990790956992482,2.107216799851156,19.940000534057617,0.05045035292885607,18,-0.035639217476426927,0
2023-01-31,60.89716787918127,62.007347106933594,0.018068534307677565,61.78818206787109,61.78818206787109,53.54426060145647,-0.01445080922470202,61.84692912125114,70.42632714806896,1.8102865912662722,0.030119939185255445,2.1367458213591215,19.399999618530273,0.0612612780834422,19,0.005587541218324017,0
2023-02-01,59.61471978528242,60.77275085449219,0.03454717004205427,61.73982820056734,61.73982820056734,47.47933159514253,-0.027713904519248427,46.172549190894344,71.08002753683091,1.6823643588430404,0.031127352975964764,2.165455894618385,17.8700008392334,0.04013105307117931,20,-0.01580911633672113,0
2023-02-02,58.88735687516054,59.7869873046875,0.029421078368192962,61.65106270530007,61.65106270530007,43.26541306773883,-0.03476521609852085,33.65733835125251,70.5936624352162,1.648029295705759,0.03575904399103147,2.1765102007368378,18.729999542236328,0.02325962196560934,21,-0.06886262551176671,0
2023-02-03,58.38968871421359,58.60981369018555,0.04801401160424968,61.51883448725162,61.51883448725162,38.83304853607408,-0.04936361014617783,18.711993716350765,67.65234651846302,1.5398242054846178,0.042089352336728794,2.1772631623412018,18.329999923706055,0.0031121905249768176,22,-0.07965130021728892,1
2023-02-06,57.62405299116208,58.90650177001953,0.02666665674225107,61.40998729070028,61.40998729070028,40.487844893312676,-0.06273798021975968,22.47873257930273,64.66877651621147,1.2014051942824304,0.04657713726816633,2.1892145251162614,19.43000030517578,0.008190033482098407,23,-0.04023066804530821,0
2023-02-07,59.145758099937034,61.82550048828125,0.04661295490880167,61.426607818603514,61.426607818603514,53.74629446832886,-0.0345241706366671,59.538212417979906,64.46254777205645,1.9350897045387596,0.046418650882014946,2.1925430732712305,18.65999984741211,0.058148956980697275,24,-0.0029326624527048965,0
2023-02-08,60.97372797394363,61.18428039550781,0.020155086073764424,61.53686004638672,61.41728753309984,51.0554589604534,-0.03864667354117163,51.397310213527035,63.798398824988546,1.7883522164927201,0.04776145323518912,2.177616416525228,19.6299991607666,0.04717441788267757,25,0.006771612856573624,0
2023-02-09,60.30379559695331,60.48563766479492,0.020940773830903148,61.61686950683594,61.382781982421875,48.22261849750938,-0.019090374025010556,42.52737271361913,62.73436022523117,1.679578770875607,0.05020733214005735,2.191014769605251,20.709999084472656,0.03521708521302751,26,0.01168565923127967,0
2023-02-10,61.27041855223316,62.81127166748047,0.027279812289544958,61.747411499023436,61.43379947117397,56.81285852639277,0.01720392934726606,72.05352012008044,61.94750569710292,1.7617347704039905,0.050488401978204776,2.204439734711377,20.530000686645508,0.07502051866403535,27,0.07168523004533067,0
2023-02-13,61.54796406289452,61.978641510009766,0.017689609107673032,61.78607666015625,61.45258712768555,53.39716521879725,-0.034729259130051246,61.482484120367644,60.94460041519507,1.6655340322407677,0.050228936059957166,2.20892739230558,20.34000015258789,0.06076997923095309,28,0.05215281246855165,0
2023-02-14,61.681946087835236,63.49077224731445,0.03904689925235443,61.872593841552735,61.52052663167318,58.300433495375344,-0.0030057083119333036,80.68042971109355,61.330364901578854,1.6618141141636837,0.0492651859199386,2.213859755348471,18.90999984741211,0.08665023171351395,29,0.026935030786347586,0
2023-02-15,59.98796823260178,60.19852066040039,0.041622054846416866,61.82474105834961,61.47788127776115,46.763962425866815,-0.019179679274408258,38.88214780511456,60.06359027343799,2.0732991093640893,0.04520793438565775,2.1782124486320193,18.229999542236328,0.030303052065991654,30,-0.016111323508837035,0
2023-02-16,59.72956958541088,59.815704345703125,0.023196301421751254,61.763872680664065,61.42593824863434,45.63321814391762,-0.03534488836380813,34.02192864582407,57.70346381559032,1.8331395429174415,0.04550029448741814,2.1662344689158157,20.170000076293945,0.0237511166847506,31,-0.011075907355139369,0
2023-02-17,57.47092047556875,58.1217155456543,0.025611740854232123,61.57207962036133,61.325810287937976,40.918287324379776,-0.04362210483420847,12.515121058138872,53.464170587760165,1.733242022910743,0.05001801982584262,2.181708094135449,20.020000457763672,0.0,0,-0.07466105998701049,0
2023-02-21,57.088104138833074,57.25080108642578,0.02692430176359478,61.36191131591797,61.20595707612879,38.70416514933998,-0.04242037159920371,2.053119303130034,49.322132100328446,1.646752583337485,0.05614941681798661,2.1746606216881794,22.8700008392334,0.0,0,-0.07628176914494685,0
2023-02-22,55.47068416299699,55.910926818847656,0.032579342513376804,61.1207341003418,61.05467049734933,35.51976627104692,-0.04604837827337831,4.613833024481335,46.60026846032265,1.5001505541100115,0.06356026595956853,2.1825864789022,22.290000915527344,0.0,0,-0.11938499344347495,1
2023-02-23,56.0353522594373,56.676578521728516,0.02216624201067544,60.92166763305664,60.93305683135986,38.62717078273865,-0.03785529918237201,12.638019379563545,44.22342854933271,1.478338390230162,0.06796766636933038,2.1850502466948165,21.139999389648438,0.013694133623675811,1,-0.05850545993547427,0
2023-02-24,55.518539491810444,56.44688034057617,0.02144684487200794,60.66556060791016,60.811808818095436,38.03497499911499,-0.08699679105265912,10.2307354878739,40.121986802187834,1.0662428830365018,0.07125051507075843,2.174031835598118,21.670000076293945,0.009585845776891054,2,-0.05632005912121226,0
2023-02-27,55.863077832521675,56.427738189697266,0.02159612930838893,60.36121810913086,60.69643853840075,37.98271417322804,-0.07774124620022131,10.030121833765245,36.46796471855841,1.039900502231662,0.0747543525034963,2.1666114082837518,20.950000762939453,0.009243477084972798,3,-0.02914534335495347,0
2023-02-28,55.98749367555649,56.044918060302734,0.034488554982062984,60.05725860595703,60.577168782552086,36.89101629263498,-0.0734177529730643,6.018088624434814,34.07749937090228,0.8272151850118861,0.08075552904849534,2.1550128687214136,20.700000762939453,0.0023965126153106353,4,-0.02106316423944263,0
2023-03-01,55.89179586815524,57.145530700683594,0.02888392881882926,59.876567687988285,60.49137783050537,42.048147807418715,-0.09020261517377018,17.552734074768697,31.862789618578155,0.8781378882270617,0.0845021449838432,2.15548564345453,20.579999923706055,0.022081620750735807,5,0.022081620750735807,0
2023-03-02,56.70528767545186,57.681480407714844,0.021717186572214556,59.71386901855469,60.422843747022675,44.429562670254924,-0.06933293466267594,23.169596559354147,30.71264198700115,0.833550568355409,0.08705507070088417,2.156347698801215,19.59000015258789,0.0316673982995097,6,0.01773046136864228,0
2023-03-03,56.762703097159076,58.619380950927734,0.040181563685980026,59.49030197143555,60.37990415663946,48.42380552131985,-0.07672597330225055,32.998985970957335,30.67972436798639,0.8357865137274952,0.08939180584519203,2.1542848570504938,18.489999771118164,0.048442304325512525,7,0.0384875230879657,0
2023-03-06,58.23656011207308,59.030914306640625,0.018342658391618416,59.304251251220705,60.34853229966274,50.11801579117108,-0.01939593101210271,37.31193966145075,31.609721665241388,0.7522581004430648,0.09111983788087814,2.1475116335438753,18.610000610351562,0.055802821833052074,8,0.04613291619437361,0
2023-03-07,57.90160196601415,58.236568450927734,0.018754101950459953,59.1786865234375,60.300533121282406,46.91458621249114,-0.02640002173423923,28.987032719241135,31.935136672238308,0.7706597793701143,0.04716185287859281,2.1437215416275146,19.59000015258789,0.041595476312084684,9,0.0391052474778685,0
2023-03-08,58.42797722867332,59.480735778808594,0.0408064934515183,59.0776220703125,60.28231540256076,52.08093250090809,0.023382314516969028,42.02616063896859,31.05953408328774,0.3170425394949723,0.041898458615597815,2.143075825452736,19.110000610351562,0.0638481449525453,10,0.040864176944235914,0
2023-03-09,57.94500248933782,58.12737274169922,0.04550573876101153,58.97180694580078,60.23546882297682,46.75102530300154,0.015311081044091686,27.842639365542393,29.88180054088851,0.3950888984140527,0.03779950644259951,2.1494958023649433,22.610000610351562,0.0396424464583262,11,0.007730251214647004,0
2023-03-10,57.042758659951474,57.45548629760742,0.02718381136869542,58.87854690551758,60.176320258607255,44.32573837554619,0.02762535995448912,20.801132089374246,28.795488509676268,0.3906669562614339,0.03839691765851014,2.1446276743011974,24.799999237060547,0.02762535995448912,12,-0.019855116762400614,0
2023-03-13,54.97912664732139,56.77401351928711,0.04917756539695736,58.80511489868164,60.10543886820475,41.948743425812516,0.0017191404297851075,17.889197270853373,26.08727236721491,-0.027307441637486295,0.03901081089356154,2.138290308988659,26.520000457763672,0.01543681619222426,13,-0.038232522973130165,0
2023-03-14,56.63962733532772,57.7722282409668,0.044070693237321476,58.75974395751953,60.057822324791736,46.476440950040754,0.023479559762985065,27.838158597447187,24.40505609106889,0.07199396421424785,0.03637985317773396,2.136554459783191,23.729999542236328,0.03329047697867339,14,-0.0079733442802731,0
2023-03-15,53.28021918471074,54.518402099609375,0.0488392102848696,58.467460021972656,59.947033920288085,36.48667838181127,-0.033836835417169045,10.553657480886356,20.89871747955853,0.4867045815200988,0.04076633764902664,2.091048925471933,26.139999389648438,0.0,0,-0.0834275772521154,1
2023-03-16,53.673747364903384,56.66842269897461,0.0558304548992913,58.28682571411133,59.88274742575253,44.912433803244944,0.011125087880421233,28.87936744629015,20.39857846161731,0.43238721755995213,0.04044435371906622,2.1034751761209565,22.989999771118164,0.03943660335893519,1,-0.025099191205626134,0
2023-03-17,55.58381321686699,56.130916595458984,0.02712781428516826,58.11263687133789,59.81059683286227,43.36363444607797,-0.017754916137518208,24.297931826292,19.912378620640705,0.4347744928989232,0.040915953168392014,2.0934555481756894,25.510000228881836,0.02957743502649655,2,-0.023053841982773292,0
2023-03-20,55.89096272706356,56.610836029052734,0.022218411798896144,57.864619445800784,59.75022398750737,45.18135243836523,-0.018561319354052357,28.388527213795033,20.706048928423517,0.28932786279538075,0.04002586228942225,2.0979334587518297,24.149999618530273,0.03838032386973337,3,-0.0028741580895798534,0
2023-03-21,57.10994816533267,57.82022476196289,0.020857667172280152,57.69828277587891,59.7144832611084,49.57345625954595,-0.013632968755399249,38.69675735879087,22.538230831206555,0.34717492336696376,0.039340079412926214,2.0979334587518297,21.3799991607666,0.06056345261772031,4,0.0008307888142361626,0
2023-03-22,56.2556995387429,56.3228874206543,0.030021521497897306,57.4115673828125,59.65281788219105,44.788786209780376,-0.045874723740839826,25.934195992964256,23.604248979630704,0.374648946797825,0.04103181494333233,2.1106804706114337,22.260000228881836,0.03309864654044677,5,0.03309864654044677,0
2023-03-23,55.372649224615806,56.130916595458984,0.03166812482206426,57.248863220214844,59.589926787785124,44.199775597666616,-0.036156866921907484,24.297931826292,24.187244601967123,0.32830681732467876,0.04353366229324836,2.0951405861930956,22.610000610351562,0.02957743502649655,6,-0.009485107894583254,0
2023-03-24,54.73917208810329,55.842979431152344,0.027125080612500078,57.089954223632816,59.524190869247704,43.28040146181564,-0.06115856335711782,21.843698149227617,24.767892735034813,0.3273774806131693,0.046457119558787625,2.0758289605268043,21.739999771118164,0.024295967609668064,7,-0.0051297427829627654,0
2023-03-27,55.69899633934522,57.25392532348633,0.031175499272055655,57.05524261474609,59.485048359838025,48.89050791410985,-0.015026438956638064,33.86990162254516,25.959881724473803,0.47950036686358605,0.047192414090140584,2.0758289605268043,20.600000381469727,0.050176144540680756,8,0.01135982683780822,0
2023-03-28,58.12737473008572,59.71109390258789,0.029513554093915383,57.15365432739258,59.488879640223615,56.88786924821196,0.039258350252174216,54.81358873420024,28.39965672996208,0.8460640163078741,0.050541229867315546,2.0984965051182103,19.969999313354492,0.09524658836278918,9,0.03270255604175566,0
2023-03-29,59.22157939151632,59.59591293334961,0.0197798355548413,57.301053771972654,59.49066352844238,56.4420300610824,0.04970406774401905,53.831843240032406,30.213612188225262,0.7752603945077472,0.05004431667458061,2.1168271724502326,19.1200008392334,0.0931338894427468,10,0.058111820302292484,0
2023-03-30,59.231171950295774,59.81666946411133,0.01785149372997919,57.42665740966797,59.496007888043515,57.135415479407435,0.03538795863329364,55.71346249377462,31.840805484946287,0.7535299682246175,0.050446451860353354,2.131324710971641,19.020000457763672,0.09718310075965919,11,0.0656635076034109,0
2023-03-31,59.6630978325401,59.9222526550293,0.013143127149321195,57.56567230224609,59.502882803640055,57.48401375732005,0.09911975309816794,56.613401282526596,33.02152625052475,0.6944476298073716,0.04994994584359551,2.131324710971641,18.700000762939453,0.09911975309816794,12,0.07304898960318199,0
2023-04-03,62.09146771264017,62.56178283691406,0.02707634373498915,57.81103408813477,59.551436772422186,65.12078603697142,0.10399725027190657,79.11144831167168,35.1115016830358,1.0733735722043416,0.08368031487545395,2.1341154938853246,18.549999237060547,0.14753515194023484,13,0.09270731191683691,0
2023-04-04,61.3427951545265,62.2258415222168,0.02992552561462227,58.05827102661133,59.593224346637726,63.55606805815581,0.10858409761387888,76.24805104917284,37.47455259953237,1.0101525444460195,0.07631368165611352,2.1341154938853246,19.0,0.1413731717324607,14,0.042115249533553036,0
2023-04-05,61.03565389411953,61.976287841796875,0.02470094896294403,58.25150131225586,59.62988686194787,62.35742504802348,0.09477782327734191,74.12097916459427,39.07929352581367,0.9308088457369749,0.07208463069089559,2.109260061204856,19.079999923706055,0.136795750700128,15,0.039941915330828304,0
2023-04-06,60.44056358293502,60.50775146484375,0.01826694946446528,58.364552154541016,59.643187840779625,55.70017583661352,0.04648073773398495,61.60390294419281,40.767356704746184,0.9279621162523618,0.0672194768570464,2.109260061204856,18.399999618530273,0.10985922430909413,16,0.011553334662790874,0
2023-04-10,60.63252874102993,61.51557159423828,0.02056966829215833,58.48039978027344,59.67113386695065,58.939911146073115,0.09219492130795416,70.19406221710054,43.237003211132496,0.9090954783169274,0.06238706328082751,2.1040801605906285,18.969999313354492,0.1283450949615972,17,0.02658977038766677,0
2023-04-11,61.34280717429893,61.784332275390625,0.015219747655314792,58.590536499023436,59.70221031413359,59.78454388980931,0.10071839233761959,78.50454572522307,46.267770633850986,0.8396543302576923,0.05910060570271174,2.116188581411493,19.100000381469727,0.13327481906945526,18,-0.012426924653827307,0
2023-04-12,61.66914629847266,62.235443115234375,0.014814799988603033,58.7504914855957,59.738923832990125,61.22628619574248,0.11447210999841381,82.66891315261181,49.009308361609214,0.790973580728585,0.052768176376527906,2.0869686730537027,19.09000015258789,0.1415492882848137,19,0.00015430234100008148,0
2023-04-13,61.92829708606679,62.16825485229492,0.010193106750723891,58.857992248535155,59.773628561837334,60.876230434608836,0.0858339319276799,82.04867398082689,52.58405918660624,-0.17590248405946657,0.04508408576981034,2.0869686730537027,17.799999237060547,0.14031689224325888,20,0.0030974267285589848,0
2023-04-14,61.46758741907107,61.889915466308594,0.014674034284666456,59.00849395751953,59.80343541964679,59.36206187333686,0.03648939286349722,79.47922237296413,55.11405193293994,-0.4823040613837394,0.03488528026464664,2.0748602522328383,17.06999969482422,0.13521147140796402,21,0.022842759282964094,0
2023-04-17,60.32538491898084,60.41176986694336,0.024231209297006655,59.12674530029297,59.81188450919257,51.96939157063766,0.013689813502918924,65.83392537884477,57.190851610567584,-0.2958223721813986,0.028056902928008925,2.0748602522328383,16.950000762939453,0.1080986885229384,22,-0.01794345234367142,0
2023-04-18,59.749483244759695,60.469356536865234,0.014495059973021172,59.274559020996094,59.82089097532508,52.21904447630589,0.010911457936411923,66.36552877050237,59.089701688402954,-0.2985191571345375,0.02681020260576967,2.0685266604679113,16.829999923706055,0.10915496801214021,23,-0.02128332038394724,0
2023-04-19,58.92402827909443,59.96064758300781,0.019516114265688,59.362095794677735,59.8227795781316,49.75857181682701,0.0006407457376403075,61.66945230690285,60.238336435808534,-0.3639472573193931,0.02610998830549858,2.0593203678145,16.459999084472656,0.09982400939512186,24,-0.036551447509011535,0
2023-04-20,59.029609351131235,59.5383186340332,0.012510161938394292,59.56289245605469,59.81898676554362,47.747149672839996,-0.048327654132914025,57.77078093078972,61.83016568269983,-0.5863631355467105,0.02666523364405765,2.0825588980314054,17.170000076293945,0.09207747001190623,25,-0.04230352330960816,0
2023-04-21,58.97201890352954,59.38474655151367,0.01592923015544204,59.67154541015625,59.81327307851691,47.00308988472537,-0.045657799094428554,56.353101456667346,63.43292416421858,-0.5842837173708206,0.027714454972824785,2.0812755793969107,16.770000457763672,0.0892605847657293,26,-0.04047782091669969,0
2023-04-24,59.28876767153874,60.23899841308594,0.021011786964660707,59.83586868286133,59.81880197896586,51.52799723481174,-0.028031518008074494,64.2390095593188,65.55268973472315,-0.5641554915149722,0.025370922786980474,2.0884067545072846,16.889999389648438,0.10492964014287481,27,-0.002859897239196107,0
2023-04-25,58.18495322330389,58.86643600463867,0.022628116212192427,59.92609268188477,59.80659215878217,44.89529073847817,-0.027125705723153773,51.56838921294049,66.4376141142429,-0.5122127427197048,0.029206111903317344,2.082260052668486,18.760000228881836,0.07975350959635794,28,-0.026507980637256155,0
2023-04-26,57.51307380585318,57.83941650390625,0.023157240552994243,59.9268603515625,59.78169120112552,40.676197374822266,-0.05975974854920067,42.087600505614134,65.80131470281361,-1.0397800178371923,0.03475832915379937,2.087873982348321,18.84000015258789,0.060915475809968214,29,-0.03537705419483655,0
2023-04-27,57.561070756580875,58.146568298339844,0.014096160611535841,59.999807586669924,59.7612521648407,42.419032700805545,-0.05887842181147505,46.25918621305017,65.42268185146449,-1.0100314757810822,0.038228480262737646,2.0694636692622037,17.030000686645508,0.06654938624396081,30,-0.023375707739549924,0
2023-04-28,57.92579460626978,59.05839538574219,0.029983520130949085,60.11690673828125,59.7525749206543,47.36286501335397,-0.05104884886269075,54.92695296083945,65.38335637481774,-0.9054122453562669,0.040472235192204956,2.0489645633004896,15.779999732971191,0.08327451119785005,31,-0.005495538580574542,0
2023-05-01,58.31934091398181,58.71287155151367,0.018366722777790303,60.231702423095705,59.739895611274534,45.75955761408963,-0.055581153258859664,51.642426714282486,65.13480764640553,-0.8878277135603845,0.043163417152131386,2.041912552167072,16.079999923706055,0.07693676429181974,32,-0.025334532475240153,0
2023-05-02,56.706824565834566,57.62826156616211,0.024277414112767307,60.24667587280273,59.714454237237035,41.060766340225584,-0.06885861562480931,41.332197400813726,63.24584510086264,-1.6375592282183753,0.04656953860725902,2.012692643809282,17.780000686645508,0.057042381045408826,33,-0.021033623275222478,0
2023-05-03,56.572440829405494,56.60123825073242,0.019578056496406784,60.12228164672852,59.6773921421596,37.16875790742234,-0.06307598046876653,31.569383084728663,61.01191170264042,-1.5226454282473818,0.048523133584006735,2.0108369626204956,18.34000015258789,0.03820427728819973,34,-0.021407170542431152,0
2023-05-04,55.93895582252652,56.34208679199219,0.026422787078256037,59.99212860107422,59.638153255687044,36.235421771154975,-0.06825390546957202,29.105906809737807,58.7611580848976,-1.4927780655317073,0.03490905013802303,2.0026730158640147,20.09000015258789,0.033450809674333414,35,-0.03103332766070008,0
2023-05-05,57.349900254684,58.252140045166016,0.02212245267272144,59.929547424316404,59.62203682300656,46.832431503978704,-0.028493813971515028,47.262744112665565,58.044100143321245,-1.0791802358966485,0.03625754172338411,2.021083328950132,17.190000534057617,0.06848582867001146,36,-0.013651832822583207,0
2023-05-08,56.56284289847968,56.591636657714844,0.03662159781951859,59.79632278442383,59.58720463719861,40.52684345772291,-0.04949219332898631,31.478110989576653,56.10830258194504,-0.9639719615883905,0.03699438613373774,2.0603228652531898,16.979999542236328,0.03802816073584672,37,-0.03612895839948303,0
2023-05-09,56.226903502520095,56.591636657714844,0.018243813588855406,59.55751693725586,59.55316409197721,40.526843457722926,-0.047034130075404586,31.478110989576653,53.75698084516273,-0.9737810703147256,0.040359912123819286,2.0603228652531898,17.709999084472656,0.03802816073584672,38,-0.01798813429860508,0
2023-05-10,54.20166921435545,54.566402435302734,0.04153077312397514,59.251139373779296,59.497133062126935,34.04326273289952,-0.0941681655940502,12.226371167372028,50.234853745900736,-0.6879440189762481,0.04746221271470795,2.078733178339307,16.940000534057617,0.0008804428201262945,39,-0.03595037632243596,1
2023-05-11,54.04808312728281,55.60300827026367,0.029964513847283082,58.99620819091797,59.45386500888401,39.38831069964416,-0.05543783445829542,22.080276267335456,47.236433860226164,-0.4799108089502437,0.051588339207874444,2.078733178339307,16.93000030517578,0.019894313275591546,40,-0.013117698754345033,0
2023-05-12,55.420644774649304,55.75658416748047,0.011191420294241427,58.80616149902344,59.41323554908836,40.16199475376499,-0.03601060422670611,23.54015838045619,44.439480660600765,-0.4556236424724862,0.03886931839139335,2.064235639817899,17.030000686645508,0.022711268492587852,41,-0.042840587071146366,0
2023-05-15,55.82377556290267,56.169315338134766,0.012328787703611102,58.592311248779296,59.37797554679539,42.29385254120615,-0.03400463721367252,27.463553030822506,42.52096204319965,-0.5356545482475147,0.04100003715781741,2.0687135503940395,17.1200008392334,0.03028176129426984,42,-0.007462610104995175,0
2023-05-16,55.67979781159372,55.8045768737793,0.014633326589296508,58.353121032714846,59.33955190515005,40.9068534483548,-0.05509493596482684,23.99637380719734,40.402504295034404,-0.5364994089001971,0.04321332096156142,2.066324432693496,17.989999771118164,0.023591571371075405,43,-0.013907704926364789,0
2023-05-17,55.842972594795725,56.553245544433594,0.0168653807649449,58.125833129882814,59.30991034812116,44.90109800844631,-0.03678283739171672,31.113167657987518,38.874690062588634,-0.4468419388809138,0.04448467011450958,2.0687135503940395,16.8700008392334,0.03732397440971218,44,0.03641147336928767,0
2023-05-18,55.449441588518475,55.910160064697266,0.018361068037415416,57.875509338378905,59.274123503032484,42.25881931276399,-0.02981352299673864,25.000040493576925,37.236153040728,-0.4256254783920104,0.041600105803041604,2.0687135503940395,16.049999237060547,0.025528223709584155,45,0.00552401396954376,0
2023-05-19,56.60124131792147,56.75481414794922,0.02133420745403192,57.67010528564453,59.247880697250366,46.69570963503648,0.002713295715130571,33.0292651978494,36.0699612277871,-0.31947742102065274,0.03555327601864352,2.0708023432696363,16.809999465942383,0.041021232505196036,46,0.017903356085629055,0
2023-05-22,56.35167671381788,56.66842269897461,0.01387478368858643,57.52037139892578,59.22128834675268,46.303799747833345,0.005792045086778779,32.20803391500965,34.468412445571644,-0.41237820217376636,0.03617511082413753,2.0576515765518417,17.209999084472656,0.03943660335893519,47,0.008885765436791556,0
2023-05-23,56.869994791864414,57.28272247314453,0.01777034947486354,57.39290603637696,59.201507062328105,49.546415917173384,-0.016641750350628197,38.04752610523786,33.792369290186514,-0.49986676538088104,0.03565178625884633,2.0552624588512973,18.530000686645508,0.050704354256101036,48,0.026487891892963453,0
2023-05-24,56.74521299478833,57.00436782836914,0.020442073785389477,57.2746548461914,59.17931373673256,48.128161763715944,0.007293147804694766,35.40150563994297,33.458064546902946,-0.5872371280514801,0.03502894466777056,2.0411307337992346,20.030000686645508,0.04559865353752871,49,0.007976947734699018,0
2023-05-25,55.92935651511942,56.44766616821289,0.014161371911175719,57.15102874755859,59.15199726104736,45.333254237136344,-0.0025440241350985276,27.393432780148512,32.514776875257866,-0.5697285279851004,0.02125594265574143,2.1329794747816297,19.139999389648438,0.03538739204202279,50,0.009613746462067752,0
2023-05-26,56.20771172629036,56.572444915771484,0.01133285150626021,57.03853668212891,59.1334419631958,46.08895302246944,0.036763326716421095,25.88589206883271,31.06272383065753,-0.6692956958693582,0.021269709640671666,2.1131012878116513,17.950000762939453,0.03767613754359882,51,-0.0032132821667309455,0
2023-05-30,55.57422146837922,56.23650360107422,0.015487828286501765,56.87843688964844,59.1109529876709,44.31287158445565,0.011393184479001261,22.44100526482134,29.602652758184473,-0.6642239639057571,0.02158311921369897,2.1131012878116513,17.459999084472656,0.03151415733582467,52,-0.007621865535145838,0
2023-05-31,55.209484859155786,55.3438606262207,0.01696654480991303,56.73753387451172,59.06891437530518,39.91172723347378,-0.007402238631047326,13.28746007631893,28.200415891959732,-0.6887062973885841,0.019673509458024745,2.11924798965045,17.940000534057617,0.015140915632544603,53,-0.03384723636054155,0
2023-06-01,55.2190883857021,55.7853889465332,0.02634772913757623,56.65537277221679,59.01664813995362,42.93099398270739,-0.006835162388758995,17.81508147237289,27.51270081134195,-0.7547669070356033,0.019350289868202145,2.1032267942648764,15.649999618530273,0.02323961814964687,54,-0.021383955796266074,0
2023-06-02,56.35168616012866,57.292320251464844,0.021687607320676736,56.621202850341795,58.97629291534424,51.82769099702552,0.02665988098163661,33.267803539584875,27.7207956478343,-0.493121748429503,0.018130710112596902,2.1131012878116513,14.600000381469727,0.050880400837634676,55,0.014963489911786632,0
2023-06-05,57.00436524580749,57.01396560668945,0.023030128389442264,56.539425659179685,58.93248416900635,50.26879665023289,0.008146659980705687,30.413435229792046,26.878330203690627,-0.9134169826537867,0.017405890790527352,2.1092359777242247,14.729999542236328,0.045774700119062345,56,0.007804518464339516,0
2023-06-06,56.14052389856157,57.05236053466797,0.018748909296938263,56.47300521850586,58.889633636474606,50.49000817233785,0.020429211231893972,30.807153343485048,26.84478232138604,-1.2367927347960683,0.01600164508395241,2.1131012878116513,13.960000038146973,0.046478956416016265,57,0.014507604160123597,0
2023-06-07,57.292318475868726,57.62826156616211,0.016909461643579503,56.47300521850586,58.83675083160401,53.80891900445388,0.015389838400950024,36.71269034359625,27.106511289087024,-1.1847178140777666,0.020229418003297018,2.094690974725534,13.9399995803833,0.057042381045408826,58,0.04127650138774575,0
2023-06-08,56.33821631742765,57.483848571777344,0.02707217459481756,56.50830963134766,58.786539230346676,52.8521469890803,0.014389422432565592,35.23181735501442,28.256783598469145,-1.8309258022114732,0.018606152060202177,2.067758985647875,13.649999618530273,0.05439349573653803,59,0.030446316810159874,0
2023-06-09,56.89658802315243,57.1083869934082,0.016237047094907683,56.5389616394043,58.73821952819824,50.345689178693135,-0.0030434216847507667,31.381672760853075,28.721853423145017,-1.9090783128655815,0.018319201777737923,2.0652841764416157,13.829999923706055,0.047506617840095966,60,-0.003210434788630119,0
2023-06-12,56.39597995037558,56.98323440551758,0.01414930137259515,56.488205413818356,58.69151947021484,49.502960156987236,-0.0003707333956442038,30.098304268648395,29.049760717554637,-1.8638754954917927,0.018020172897408256,2.0652841764416157,15.010000228881836,0.04521101519822173,61,-0.0005390118165762058,0
2023-06-13,56.569262525314485,56.57889175415039,0.02265484620509315,56.48769561767578,58.628812828063964,46.77858361887899,0.002324730052549036,25.95200072378961,28.97418310220299,-1.8169299989813592,0.018596849022459967,2.0603069307311253,14.609999656677246,0.03779438822833325,62,-0.008298846464553802,0
2023-06-14,55.90499263984571,56.29008102416992,0.028138197583455055,56.47563339233398,58.551350631713866,44.87870971516749,-0.004991191241990038,24.407808264090384,28.994754825047643,-1.791411341291748,0.01939035762505543,2.0397864190170782,13.880000114440918,0.03249689749386916,63,-0.02322090768703552,0
2023-06-15,56.15529470960692,56.24193572998047,0.01179686453938012,56.54265472412109,58.477330932617186,44.55385572349445,9.65943570173562e-05,25.681622145472854,28.723177549421905,-1.8520147117848307,0.019681062838339265,2.0527557540078134,14.5,0.03161379578260682,64,-0.02160455280314361,0
2023-06-16,55.80872429076117,55.98201370239258,0.01413965937938182,56.55781494140625,58.42052303314209,42.754553385680936,0.011530693178089064,22.638929445156876,28.605121997000907,-1.8748460454921638,0.020534308071861646,2.0527557540078134,13.539999961853027,0.02684619406322787,65,-0.019723430310606353,0
2023-06-20,54.74973464311265,55.0963134765625,0.022012081864254088,56.53140411376953,58.353996696472166,37.236166264202076,-0.012352257158790068,12.270767743701517,27.56719712429351,-1.8487332459393393,0.02275697413117355,2.0493998350826983,13.880000114440918,0.01060029925120028,66,-0.0331136157615576,0
2023-06-21,54.85563276982966,55.32736587524414,0.015079793595642915,56.497726135253906,58.265184783935545,39.432400026841016,-0.03429699421486536,14.975507520407835,26.705570804563415,-1.797396724438782,0.022792687348182395,2.0430662433177713,13.199999809265137,0.014838361809590929,67,-0.022120014021208594,0
2023-06-22,54.40314771837155,54.412776947021484,0.01071492371476602,56.44205413818359,58.172490730285645,34.313934734369724,-0.045623710471435285,4.269169617777009,25.01665298019038,-1.7355401619928048,0.025861949475042702,2.0493998350826983,12.90999984741211,0.0,0,-0.033350530732801004,0
2023-06-23,53.80627143739932,53.97956085205078,0.007318811925416368,56.339106750488284,58.098529472351075,32.18297121172084,-0.05385929090085581,1.9792023870179425,23.345537817544127,-1.6937287524989129,0.030866649751628505,2.0527557540078134,13.4399995803833,0.0,0,-0.04022576478859884,1
2023-06-26,54.0084361349564,55.115562438964844,0.02582369943963699,56.307322845458984,58.029611625671386,42.30173161018893,-0.04360185539021466,15.271989855700502,22.739465671321724,-1.4363510672293638,0.0328698678918032,2.09401859454207,14.25,0.02104503202661575,1,-0.015477315053972481,0
2023-06-27,54.77860981830902,55.00003433227539,0.013275079852108275,56.23713165283203,57.97188446044922,41.62158803246052,-0.043208906522682326,14.891406386140934,22.189741387187137,-1.4232712945143722,0.0349551615338151,2.09401859454207,13.739999771118164,0.01890481256454756,2,-0.0017474698071780375,0
2023-06-28,54.65346016669471,55.31773376464844,0.019744907865695212,56.18310409545899,57.92719192504883,44.275007674276026,-0.031355345913840184,22.17306991998674,22.176344619945407,-1.3947699198233043,0.03446964230794586,2.0773271086180825,13.430000305175781,0.024790363083267222,3,-0.00017409306304988845,0
2023-06-29,55.51990299428681,56.33821487426758,0.01477664259583983,56.145323791503905,57.90447593688965,51.84609700652606,-0.011319461557056579,37.62020251534641,23.392981741896783,-1.3401025194315683,0.02940432482566664,2.0836607003830094,13.539999961853027,0.04369531698639574,4,0.035385768477149755,0
2023-06-30,56.52113193773802,56.6077766418457,0.012542401329945618,56.129460144042966,57.88148868560791,53.6379762839838,0.0005105240982949021,41.62541374519406,24.58349835553784,-1.3409803418154067,0.027699748285663454,2.0711804067792836,13.59000015258789,0.0486890917285977,5,0.0486890917285977,0
2023-07-03,56.4729972117404,57.00249099731445,0.013570809613347596,56.151653137207035,57.83325859069824,56.20768818252642,0.012656048102660139,47.490171137569185,25.294616735437057,-1.6555120625005526,0.02797357873043757,2.0895110741113063,13.569999694824219,0.05600138455273901,6,0.03423585780221694,0
2023-07-05,56.46336597177075,56.69441604614258,0.01563025722984505,56.156531982421875,57.78835994720459,53.7056156233304,0.008045247914909676,42.91272209813614,25.919581078854257,-1.6279753685237672,0.027940346815713855,2.0895110741113063,14.180000305175781,0.05029413265389051,7,0.0308069210217362,0
2023-07-06,55.03854499185223,55.46214294433594,0.027801660097055824,56.125557556152344,57.738125,45.06443019387679,-0.009286389032383489,28.226292617920475,25.79053804257603,-1.387082430146656,0.028664685460296862,2.0871219564107624,15.4399995803833,0.02746561974352984,8,0.002610540415518372,0
2023-07-07,55.26959666934859,56.42485809326172,0.031489237781935284,56.168797454833985,57.67426086425781,51.61447941885704,0.02411313085882543,44.63691348279419,26.186749199535928,-1.270967110624099,0.028570668997281844,2.0711007610251886,14.829999923706055,0.04530042858097902,9,0.0015379120404774278,0
2023-07-10,56.126420534281046,56.51150894165039,0.01435406948081208,56.19784225463867,57.61958953857422,52.16728907748159,0.021402484063245217,46.1139799048951,26.730857327029963,-1.2661667439183264,0.02826110416307652,2.0654868313453534,15.069999694824219,0.04690568151414326,10,-0.001700609101897659,0
2023-07-11,56.64628069983669,58.29252624511719,0.033938571010398245,56.237850494384766,57.56760707855224,61.82225029800201,0.07130217415430178,76.47353096585654,28.985450237280133,-0.871699741016222,0.045335686491668976,2.083847772884793,14.84000015258789,0.07989997185948854,11,0.02263120830743189,0
2023-07-12,58.7642614528396,59.03382110595703,0.013729979542298713,56.31864471435547,57.55596008300781,64.98982826495674,0.09363285240054393,90.65105630774481,32.013087839234956,-0.8354462446111607,0.053864713211407504,2.083847772884793,13.539999961853027,0.09363285240054393,12,0.04126341221877042,0
2023-07-13,58.773890055637224,59.149349212646484,0.013974660343798804,56.40252426147461,57.54929653167724,65.47065289248556,0.0731878002360707,92.19266801713,35.32512120390198,-0.8766314457010362,0.051243283752508854,2.0903422640258214,13.609999656677246,0.09577307186261212,13,0.06648149661312541,0
2023-07-14,57.031369317172775,57.1661491394043,0.03191484446710934,56.3840397644043,57.539740867614746,52.21377847716102,0.039383880999830145,57.97334468798251,37.00339802509659,-0.4538091878614776,0.04648137189413198,2.106363459411395,13.34000015258789,0.05903323845274394,14,0.013137667885975658,0
2023-07-17,56.77144049216756,57.07950973510742,0.0093062479062734,56.3678662109375,57.538027954101565,51.72106376524066,0.03184830343836088,56.478416451199685,38.54323774038293,-0.4613797577481563,0.04376969822477303,2.0890751379763035,13.479999542236328,0.05742819752745113,15,0.010051064006156815,0
2023-07-18,56.896591183578174,57.840057373046875,0.03011848798563972,56.39713302612304,57.557319259643556,55.67521012933244,0.026657616009506575,69.60136147374727,40.891359341812446,-0.4309904366942923,0.03999106202029744,2.1035726764977114,13.300000190734863,0.07151774597753932,16,-0.007762039170642619,0
2023-07-19,57.71489874428953,57.91706848144531,0.013101176210990755,56.434486389160156,57.56972415924072,56.06757656103104,0.023129186787946593,70.93015731929903,43.82432882059232,-0.5482296735672554,0.03647674964784975,2.111995488745602,13.760000228881836,0.07294441761367049,17,-0.018917166525732967,0
2023-07-20,57.897821394373295,58.20589065551758,0.012541289692524087,56.499566345214845,57.58731426239014,57.58405469247123,0.02111135210318827,75.91366830871155,46.8712368600075,-0.5527199070240314,0.03445850297870328,2.0827755803878123,13.989999771118164,0.0782950016034862,18,-0.015950446956518486,0
2023-07-21,57.95558040109146,58.47544860839844,0.012378280213091678,56.586981048583986,57.607791366577146,59.006299683976415,0.03141460282096051,80.56478287351361,50.68601752279433,-0.6975843865305242,0.03263097903720335,2.0873527823149702,13.600000381469727,0.08328870567639769,19,0.02290340505184821,0
2023-07-24,58.78352166087927,59.996543884277344,0.03234764861708035,56.73716537475586,57.6473076248169,65.94549067754326,0.08175668481638576,89.93005457239587,55.08356013206323,-0.5919228388774864,0.04271099220858676,2.087905681847995,13.90999984741211,0.11146780257657406,20,0.05110475129704497,0
2023-07-25,59.67884548467904,61.045902252197266,0.03175620835112202,56.939720916748044,57.68631134033203,69.74977077397679,0.08189731113364367,93.06928835740787,58.973425057148596,-0.6331646020244184,0.054496533642254694,2.0694953687618773,13.859999656677246,0.13090772300860654,21,0.05542603214367307,0
2023-07-26,60.12169401401185,60.506778717041016,0.0113400267936632,57.156139526367184,57.71456432342529,65.68960599541808,0.07069833827151643,86.1385697838638,62.53578322703474,-0.579994622786478,0.0487631094352451,2.0851623634115937,13.1899995803833,0.1209201735242026,22,0.04471411111605829,0
2023-07-27,59.27450010173401,59.54405975341797,0.028887164564056846,57.32480728149414,57.723811111450196,59.076416909892004,0.021469879398229284,73.76230763394382,65.1152451127326,-0.43719602482064923,0.04485282050788879,2.0913090652503925,14.40999984741211,0.10308529401746294,23,0.02299026924646054,0
2023-07-28,59.01456949759441,59.7654914855957,0.01417070997967835,57.53891586303711,57.73115688323975,60.07208799959767,0.012394088099522325,76.60892982514805,67.06468147822268,-0.5120146662229615,0.04060920473237777,2.095174375337819,13.329999923706055,0.10718743432172817,24,0.022061273712263327,0
2023-07-31,60.12170001381156,60.77634811401367,0.012629910873912095,57.81078735351562,57.756554679870604,64.33774065471452,0.027506623877094585,89.60402715054319,69.46361214849013,-0.44611179943622997,0.0387968044600612,2.095174375337819,13.630000114440918,0.1259140896049855,25,0.012997485842525058,0
2023-08-01,59.7943684287964,60.30460739135742,0.015642450412894634,58.018349151611325,57.764793395996094,61.05935823262569,0.054900641362071456,83.53955031878476,71.2660811075509,-0.4029901970402845,0.03792264330241521,2.095174375337819,13.930000305175781,0.11717484246755114,26,-0.012143237031330172,0
2023-08-02,58.41768277992557,59.17823028564453,0.02356357498459902,58.18547698974609,57.775301971435546,53.985792152178185,0.03676837030094999,69.05937607612881,72.57341380645055,-0.2690841888823006,0.03789515951152283,2.100354275952047,16.09000015258789,0.09630810906080654,27,-0.021957018032796292,0
2023-08-03,57.79191264330847,59.8906364440918,0.04073151622257835,58.368393096923825,57.79965347290039,57.351083837469446,0.035452576712008584,78.21773454554094,75.07298590283156,-0.44482359685061895,0.03425069748654433,2.110159270578083,15.920000076293945,0.10950581106508656,28,0.005820508243963561,0
2023-08-04,60.18908853768258,61.15180587768555,0.032108600168163616,58.560936737060544,57.84343139648438,62.57000763626829,0.055851193457357666,88.31020393754604,77.25665042556916,-0.4002134401508274,0.030868348401400958,2.1233896830499726,17.100000381469727,0.13286964385080355,29,0.02319590047082545,0
2023-08-07,61.161427309504035,61.517635345458984,0.011908526165224993,58.75733108520508,57.880885467529296,63.94813887911373,0.05689707094323918,92.70831481267214,79.58636717095801,-0.3955864745888358,0.03192057147375017,2.1370912596557416,15.770000457763672,0.13964682880745996,30,0.012196968959942957,0
2023-08-08,60.11206521580347,61.373226165771484,0.023174649193173354,58.93216049194336,57.94943370819092,62.96264349880049,0.049555456628969895,90.97218462196543,80.31129985376346,-0.6551009087429898,0.027832130405596654,2.120033764124858,15.989999771118164,0.13697157214719735,31,0.017720350411686986,0
2023-08-09,61.305837849393136,61.430992126464844,0.021651081864833326,59.12162353515625,57.99705940246582,63.20690492513566,0.023908847898877233,86.2745250915072,80.09247329295158,-0.6827311864520936,0.023827746934659822,2.120033764124858,15.960000038146973,0.13804171721287667,32,0.038067408064529226,0
2023-08-10,60.89186952310657,61.353973388671875,0.02126662383309494,59.357296752929685,58.04928997039795,62.61398596473471,0.005046548991968102,85.40304988642005,79.75299238641608,-0.6671471319711983,0.01983901649148134,2.120033764124858,15.850000381469727,0.13661490423816455,33,0.02443348462236013,0
2023-08-11,61.61390719114508,63.38530349731445,0.031718730926513665,59.635714569091796,58.117034645080565,70.47944572403246,0.04757359160921147,98.1262081418948,81.7606355591117,-0.8515896498641702,0.04387892552939565,2.125225901217492,14.84000015258789,0.17424637208596946,34,0.036523821129604866,0
2023-08-14,62.02787378493906,62.68252182006836,0.02090330679652849,59.882555084228514,58.16565761566162,65.35640605271739,0.05270823117616255,90.92701508058968,83.4830654905812,-0.7522215507952232,0.04285840480526051,2.125225901217492,14.819999694824219,0.1612269687015606,35,0.01893581357716089,0
2023-08-15,61.00739372973063,61.18068313598633,0.023574769769212578,59.99808135986328,58.21423557281494,55.99017986556442,0.02367907659107439,75.54239851515683,83.78011734265166,-0.48324027564375993,0.042141923226303835,2.1308892024440054,16.459999084472656,0.13340461037970752,36,-0.0031372479795194405,0
2023-08-16,60.16983285527136,60.21796798706055,0.028177880739833946,60.045447235107424,58.255106086730954,50.9496426674978,-0.009187457691693308,65.6804848589577,83.5176337196346,-0.35404764446621184,0.041133580196551535,2.1445907790497745,16.780000686645508,0.11556980154225832,37,-0.019746126465076553,0
2023-08-17,60.69932207218243,60.80522155761719,0.01799815600883177,60.11168212890625,58.304728507995605,53.688481794294646,0.008301424848203412,71.69622483519726,83.30676154595889,-0.3233690954341233,0.03971608546314185,2.1582923556555436,17.889999389648438,0.12644898546459898,38,-0.008944030854829796,0
2023-08-18,60.121696299860304,61.681297302246094,0.02849371793199563,60.292288055419924,58.3490022277832,57.50093399638008,0.04229709142229549,80.67061706270204,83.3120532554183,-0.26160600058419514,0.03883268996577082,2.1555015727418594,17.299999237060547,0.14267875337675537,39,-0.026883301034293473,0
2023-08-21,60.930379096689116,61.353973388671875,0.025974030569714594,60.4632666015625,58.365431022644046,55.65736747890651,0.02443348462236013,77.31755860415377,82.6814284570062,-0.44051327860737843,0.03758466616454815,2.1555015727418594,17.1299991607666,0.13661490423816455,40,-0.02119487845766821,0
2023-08-22,60.535668147051794,60.56454849243164,0.015220420727651243,60.57224624633789,58.37511737823486,51.378915945473494,-0.009603271347840898,69.23080503695158,81.48950429098339,-0.4712186187214787,0.035205038987856895,2.1650218655527773,16.969999313354492,0.12199038925917241,41,-0.01007073821299453,0
2023-08-23,58.5717162386398,59.51517868041992,0.021403251197633248,60.636170654296876,58.37210247039795,46.28547672700793,-0.03255093687840973,58.48121364324712,80.10663648395256,-0.37479079480172023,0.03589645219990083,2.1730249129331565,15.979999542236328,0.10255025681926852,42,-0.01167075758503904,0
2023-08-24,58.77388394064395,59.06269836425781,0.01646026933155023,60.67044296264648,58.363506927490235,44.248524727326476,-0.03764716222140329,53.84607123991051,79.11082466425088,-0.4360007213218213,0.0391414948909782,2.1730249129331565,17.200000762939453,0.09416781892944788,43,-0.028657459815489904,1
2023-08-25,58.88941280085517,59.5344352722168,0.019357972744761077,60.71280242919922,58.33323345184326,46.8735396884197,-0.03087296474625873,58.67847536269274,78.21430194112813,-0.4026177860642519,0.041637512928092035,2.182149287611767,15.680000305175781,0.1029069953975918,44,-0.03480572108445456,0
2023-08-28,59.582571894867826,59.919525146484375,0.014958988781832204,60.7097216796875,58.310170288085935,48.98517421029377,-0.023379875221779037,62.62327990237514,76.86526457871972,-0.4949552884415112,0.04330422038471977,2.1866271981879075,15.079999923706055,0.11004098960186194,45,-0.023379875221779037,0
2023-08-29,59.447791116108256,60.07355880737305,0.011540330625849998,60.67082794189453,58.2911429977417,49.84392983623601,-0.05224783202437013,64.20117827192647,75.89834597637682,-0.50280914981176,0.04474753425268731,2.1781055221963666,14.449999809265137,0.11289454488199571,46,-0.00810688261169733,0
2023-08-30,60.09280949485066,60.29498291015625,0.008626212918368967,60.66235610961914,58.28901531219483,51.11777914525319,-0.038089388247103326,66.46941450513198,75.76884789782697,-0.6486910783772093,0.04581231729289815,2.1659114098697865,13.880000114440918,0.11699654384767998,47,0.013102610914161268,0
2023-08-31,59.98691273508906,60.44901657104492,0.011908542480966913,60.69855438232422,58.27834976196289,52.03049422453548,-0.011959110742767136,68.0473128746833,75.26032681428408,-0.6935532669724301,0.037482625200659786,2.1659114098697865,13.569999694824219,0.11985009912781375,48,0.023471975463045372,0
2023-09-01,61.13255517723011,62.162662506103516,0.021206385129703645,60.79444122314453,58.28213306427002,60.799758865260536,0.03229425674843161,85.60165204520709,75.12489921966714,-0.5203665309117937,0.030210879077374755,2.1734785211151633,13.09000015258789,0.15159629913406092,49,0.04414633685310601,0
2023-09-05,62.5766170241096,63.712623596191406,0.0291366592938862,60.91189224243164,58.29690486907959,66.7249345855562,0.047815006081661136,93.33332165335591,75.15614956170133,-0.27287081573213806,0.05126017181538781,2.179625222953962,14.010000228881836,0.1803101505552698,50,0.0633032127747024,0
2023-09-06,62.53811191333459,63.125370025634766,0.023379396558583773,61.024722747802734,58.30647602081299,62.84879839076069,0.023411840972029727,86.87070368332802,74.95107551476946,-0.21556332974806536,0.04918106226007247,2.1734785211151633,14.449999809265137,0.16943096663292914,51,0.050801238995136055,0
2023-09-07,62.208279452400156,62.33377456665039,0.0177641038055605,61.150944519042966,58.31091461181641,57.96104391587383,0.015969645059034136,78.75370814165176,74.57503466727668,-0.12508594866718223,0.047994689441032086,2.1710894034146193,14.399999618530273,0.1547662408276561,52,0.03381362027305129,0
2023-09-08,62.575104618919816,63.01917266845703,0.014307697002704296,61.276085968017576,58.336988639831546,60.80344028875808,0.04052905927850067,85.1972507844421,74.5647447121778,-0.07567876075681985,0.047321712781246396,2.1808943980406554,13.84000015258789,0.16746360425536547,53,0.042517748727829825,0
2023-09-11,61.35875332935769,61.62905502319336,0.035616442333038734,61.29517593383789,58.34858562469483,52.979368342635325,0.0355182726430911,70.35703940725972,73.17628627544603,-0.32832647968787715,0.04709397327589579,2.191252292199716,13.800000190734863,0.1417109374436854,54,-0.008584051284125151,0
2023-09-12,62.22757403337686,64.12934875488281,0.0314728492914244,61.399644470214845,58.39027263641358,62.360801854651235,0.08578426876769853,97.04894394479093,73.4823827186561,0.31971384224873045,0.05039986352304886,2.1652709117616515,14.229999542236328,0.18803020518545813,55,0.006540700024105068,0
2023-09-13,63.55978326961683,64.02316284179688,0.014438362832168225,61.50564193725586,58.435121078491214,61.79689424880356,0.07539716382721535,95.0954731306875,74.46003644943264,0.06280215160537109,0.046589272424174565,2.163601456146199,13.479999542236328,0.18606305481576588,56,0.01422237708543367,0
2023-09-14,64.49620288450545,64.96923828125,0.012847334612877336,61.64717178344726,58.49096599578857,64.84691795477298,0.08427491910893263,96.52813345214547,76.00241887909202,-0.01904494751495782,0.051650079742891764,2.159656982081816,12.819999694824219,0.2035896042081584,57,0.04227986726171443,0
2023-09-15,63.69493246146163,63.85904312133789,0.018288016909785272,61.747374572753905,58.52716644287109,58.903902524600866,0.06301415113599425,85.40914509637214,76.68806489215076,0.15078748335624848,0.04678414181231241,2.146909970222212,13.789999961853027,0.18302264993161332,58,0.013327221182344076,0
2023-09-18,63.202602061122136,64.02316284179688,0.024877077867901762,61.7728889465332,58.57873371124268,59.494883534257156,0.06183234079684332,85.83416463660815,76.94624227084607,0.10099009852954659,0.042099801696536904,2.1437232691762214,14.0,0.18606305481576588,59,0.038847063575816985,0
2023-09-19,63.11571450005887,63.53082275390625,0.027236222124720974,61.806820983886716,58.635647773742676,56.85357092841019,0.05098190769140673,79.31373181413032,77.0460509313449,0.12914102067213384,0.0374408936240159,2.150854444286595,14.109999656677246,0.17694219350976062,60,-0.00933310586490231,0
2023-09-20,62.0055524597093,62.02485656738281,0.026464672706924777,61.84058792114258,58.6744306564331,49.599931442439505,-0.002216860301103938,61.40770229306428,76.65489579415052,0.32353463996119897,0.03433363249537975,2.1550656366068566,15.140000343322754,0.1490433710156124,61,-0.031212239222731565,0
2023-09-21,60.37407523712202,60.39338302612305,0.031817405131978595,61.847604522705076,58.68778053283691,43.173563169581804,-0.05209706307349076,42.33724602493288,75.84769741323483,0.5051943115453215,0.034458115748120875,2.1755647425685707,17.540000915527344,0.11881945819551055,62,-0.07043110518424435,0
2023-09-22,60.393382898091645,60.711952209472656,0.016149468971309068,61.843873748779295,58.7077713394165,44.68075721990237,-0.03823213733530651,46.06103285064626,75.45844549377162,0.4923886615242723,0.036888667688681376,2.1772341981840233,17.200000762939453,0.12472112131245876,63,-0.049281836338911006,1
2023-09-25,60.36441659434193,60.972599029541016,0.012928992076024663,61.81552581787109,58.741214714050294,45.94402608902172,-0.021836886127502803,49.107759418888975,74.97990969658142,0.4904179541970223,0.040054369049203294,2.172758194677278,16.899999618530273,0.12954974192281812,64,-0.04764781489777212,0
2023-09-26,60.325805560366454,60.962947845458984,0.017914250218878387,61.79988479614258,58.784831809997556,45.902227061688755,-0.03262855946738331,48.2377159043967,74.2606314966825,0.4952294615247344,0.0426430156977105,2.172758194677278,18.940000534057617,0.12937094861791362,65,-0.040419355474022686,0
2023-09-27,61.92831481971763,63.328094482421875,0.02728685482527857,61.91042663574219,58.854691886901854,56.37642030638053,0.027568805956688813,73.74604729373198,74.73787494777278,1.0683425312749348,0.04179076827970661,2.1859886071491674,18.219999313354492,0.17318654473669964,66,0.021011542584112964,0
2023-09-28,62.855066706582214,63.59839630126953,0.019186492259765826,62.07375534057617,58.90815444946289,57.39175772950456,-0.008279398807599064,77.065211096949,75.26766477736362,1.095840855555519,0.041399488854414586,2.1859886071491674,17.34000015258789,0.17819402932125397,67,0.05306894753288058,0
2023-09-29,62.5654545190148,62.63302993774414,0.01880220698322738,62.216568603515626,58.968568382263186,52.67621651292416,-0.021712968281304593,64.25260936182204,75.07792960172057,1.2436782293798843,0.04021789298090132,2.198182719475747,17.520000457763672,0.1603101053269239,68,0.031642496384290966,0
2023-10-02,59.55350891832402,60.14238357543945,0.05200001643254208,62.240886535644535,59.00407585144043,42.88581916823375,-0.07429446355697182,31.196081696288374,72.35765108427462,1.5764568407793762,0.04471916495553355,2.1830167974853203,17.610000610351562,0.11416956022076521,69,-0.013616205759891028,0
2023-10-03,59.572815192802125,60.29684066772461,0.017430630197109442,62.25597915649414,59.06138023376465,43.58606830563126,-0.05578227106918558,33.246077722033895,69.35328888770853,1.3533531484447483,0.04851897188937429,2.16046479099968,19.780000686645508,0.11703095979214183,70,-0.010926426645623438,0
2023-10-04,57.284901117026855,57.96065902709961,0.03641095028932353,62.1714631652832,59.08495674133301,36.33061132924551,-0.0946923511054568,8.403362065730436,65.42992180682865,1.873237330188598,0.04483765688828222,2.1661280922261934,18.579999923706055,0.0737519555959407,71,-0.08475599177884813,1
2023-10-05,57.05320434934252,57.36212158203125,0.019598022926138547,62.0541487121582,59.10101211547852,34.73525756350007,-0.09709776931065657,3.7339441189923988,61.67893360569568,1.9040901412706446,0.052755364698718984,2.1661280922261934,18.489999771118164,0.06266373191237178,72,-0.0980571064983567,0
2023-10-06,57.63243426106967,59.2735595703125,0.037458158734913684,62.0071304321289,59.132054557800295,43.29840022160602,-0.044357974356318705,26.837875787165288,58.76096485583183,2.369299684455752,0.05114999347993294,2.1722747940649922,17.450000762939453,0.09807413462980387,73,-0.053637359884566985,0
2023-10-09,60.441652702019645,61.957279205322266,0.02816238006375396,61.998915100097655,59.19358158111572,52.68512098653333,0.02589515772816963,59.27652953577758,58.20693936225773,2.9792182916530847,0.05161204365385839,2.1931197822595414,17.700000762939453,0.14779146453482858,74,0.030176649510512042,0
2023-10-10,61.320141598827114,61.76420974731445,0.013450059651628795,61.92097854614258,59.24569122314453,52.01795639350505,0.01733196676350027,56.942860542919135,56.20163519216415,2.408195270398693,0.051763775871378606,2.177452787609825,17.030000686645508,0.14421475040525306,75,0.02433575396886905,0
2023-10-11,60.73125701496405,61.1560173034668,0.015479379576348666,61.84220443725586,59.298149795532225,49.8753467163306,0.0030082082254180393,49.59151733958014,53.926437402608784,2.4566638401042695,0.051023824491794684,2.177452787609825,16.09000015258789,0.13294766274748915,76,0.055129778197884054,0
2023-10-12,60.54784153123756,61.03052520751953,0.01835003450039586,61.79007446289062,59.34090690612793,49.422992286286,0.0011084989235076923,48.07466938142666,51.50376419907284,2.3037173403558575,0.05072223846544398,2.1665419939177397,16.690000534057617,0.13062285509869745,77,0.06395167271214412,0
2023-10-13,61.55182669518097,62.14070510864258,0.015695389984187593,61.75493576049805,59.39562973022461,53.44566516092239,-0.018749804229604337,61.49363496240774,50.307988692374614,2.3153526653813046,0.04988497112947636,2.1665419939177397,19.31999969482422,0.15118952669808058,78,0.048371408080005104,0
2023-10-16,61.909006815197166,63.1060676574707,0.0215203509592556,61.81401626586914,59.45386318206787,56.67270917522367,-0.0077412116095921185,73.16216436272246,49.67438867868033,2.3561421737581987,0.04868403053859435,2.1566675003709648,17.209999084472656,0.16907338002312017,79,0.0185416220157349,0
2023-10-17,62.73922168497436,63.260520935058594,0.010765989138379433,61.77926315307617,59.51642471313477,57.18408635591688,0.010018531722609707,75.02907189160585,49.4601556825541,2.2902476859773566,0.048691483634569106,2.150806979809312,17.8799991607666,0.17193470892520632,80,0.024226185259485184,0
2023-10-18,63.45360029942209,64.19692993164062,0.018560680495993066,61.78621383666992,59.59391735076904,60.24744594673453,0.06741579091416225,86.34763393920196,50.70715226486099,2.1019408848407903,0.05592322933876561,2.1657918750495755,19.219999313354492,0.18928218233553243,81,0.04972384995386947,0
2023-10-19,63.231573249822496,64.1583251953125,0.02153143646177461,61.75377731323242,59.669776153564456,60.056674339288705,0.06404124137891766,85.88101080224376,52.884340503726534,1.774823267776285,0.05554316885440458,2.1657918750495755,21.399999618530273,0.18856700911591445,82,0.05124976357581131,0
2023-10-20,62.82611411357636,62.92264938354492,0.025048983202091823,61.716321563720705,59.73663761138916,54.14657565249284,0.08560962624882035,70.94515115410357,54.1285464188994,1.9087647902713163,0.05318142061091228,2.176702668741661,21.709999084472656,0.16567545919844912,83,0.012583447090522157,0
2023-10-23,59.97827272124819,60.64437484741211,0.032710317580098625,61.58117004394531,59.78964275360107,45.29586394054289,0.05721987218842737,43.407193068692884,53.8435181013896,2.31255202558551,0.05275768490248193,2.176702668741661,20.3700008392334,0.12346921483167493,84,-0.03900881327957646,0
2023-10-24,60.16169937786489,60.36442565917969,0.015511230413147765,61.45451416015625,59.83543312072754,44.3368392943924,0.01840392405610737,40.023391472650395,53.43280187980228,2.261694728667857,0.04861987477204683,2.1702697856257163,18.969999313354492,0.1182830076115066,85,-0.045780452532977925,0
2023-10-25,60.45130232256024,61.078792572021484,0.011006579303261876,61.4166716003418,59.8732978439331,47.397428207487316,-0.01417890915431479,48.65808662964127,52.17840384659773,1.7642350899971797,0.04150611578296822,2.1599118914666557,20.190000534057617,0.13151703363109132,86,-0.04857144045578899,0
2023-10-26,60.40303469165957,61.078792572021484,0.017482493740185824,61.444087982177734,59.91394611358643,47.397428207487316,-0.011097319598147552,48.65808662964127,50.75804762323236,1.7182807120505357,0.03835564609211921,2.147717779140076,20.68000030517578,0.13151703363109132,87,-0.04799895592530228,0
2023-10-27,59.72727339861663,60.074806213378906,0.02975439823721599,61.41860214233398,59.94417057037354,43.49897761374022,-0.017679553668819424,36.522703547340214,49.37155233250826,1.6965780731099218,0.04097217152275929,2.1521956897162164,21.270000457763672,0.11291765373998139,88,-0.045259428807693576,0
2023-10-30,59.23494105469686,59.534202575683594,0.02172161610581714,61.361066284179685,59.96322998046875,41.518740208873545,-0.024517610273679515,29.98831970572306,49.311164232980005,1.1944820753075343,0.04419228459102093,2.147717779140076,19.75,0.10290268457087275,89,-0.01830626953483865,0
2023-10-31,58.8391445502303,59.66936111450195,0.01622059976073524,61.3093228149414,59.985085105896,42.2268707237859,-0.039770131185668,31.622007884138608,49.229960741085236,1.1745706297732872,0.0463462042380917,2.147717779140076,18.139999389648438,0.10540656820173086,90,-0.011514472921553179,0
2023-11-01,59.177020021006406,59.23494338989258,0.018986327855268655,61.145596771240236,60.006350669860836,40.52822464260776,-0.06134313880227726,26.37111432319022,50.12834835395823,0.6185431218603534,0.04899930058972359,2.147717779140076,16.8700008392334,0.09735874940231448,91,-0.030188042436410618,0
2023-11-02,58.97429145801151,61.078792572021484,0.03647023355984678,61.04481262207031,60.04730625152588,49.76504616684841,-0.03448799236536177,48.65808662964127,52.37455547949067,0.8606010649575929,0.0499616332660419,2.1580756732991366,15.65999984741211,0.13151703363109132,92,0.0,0
2023-11-03,60.05550376928114,60.827796936035156,0.019533103357030544,60.97260330200195,60.08979530334473,48.65718812273592,-0.05248121676835718,45.624252386317416,53.31387430944827,0.5025241746544045,0.051694046621767575,2.1491679809769324,14.90999984741211,0.12686720632563644,93,0.012534218087724033,0
2023-11-06,59.456972500230876,59.61143112182617,0.028120044245667733,60.95136520385742,60.12300880432129,43.592484413214514,-0.07086989973077619,30.921796524667567,51.89613765889277,-0.21507896736796717,0.05496825414435601,2.1515570986774764,14.890000343322754,0.10433338435656106,94,0.0012972130775481604,0
2023-11-07,57.941345895757344,58.1151123046875,0.016272154196032226,60.864096069335936,60.14174057006836,38.30972657075753,-0.0764039201457187,12.835492957969596,49.690769279645295,0.016502874427683834,0.059999007789245745,2.161914992836537,14.8100004196167,0.07661328449802685,95,-0.026047686463944907,0
2023-11-08,58.80052533331416,59.0322151184082,0.022273183422273257,60.90695831298828,60.17224258422851,42.87876920852963,-0.02658382963069991,23.92069732808098,48.40722827907034,0.13299773504506565,0.04639455294074364,2.175300595734881,14.449999809265137,0.09360310062925349,96,-0.0034224439137214924,0
2023-11-09,58.462648692808465,58.481956481933594,0.02178153677856137,60.951751708984375,60.20609901428222,40.92045448387702,-0.031185075591948823,17.269611593218652,46.86697538965994,0.15859173831857715,0.02452358688525228,2.168031902245057,15.289999961853027,0.08340926748594989,97,-0.04251616609849995,0
2023-11-10,58.08615411535403,58.86810302734375,0.017348631747347402,60.93553344726563,60.24150638580322,42.89156250825488,-0.03619406100850773,21.937041796946797,44.88914573138689,0.013595207635783363,0.026293823278278592,2.1830167974853203,14.170000076293945,0.09056283708368192,98,-0.032217078497058946,0
2023-11-13,58.74260276646266,59.47628402709961,0.013095482890155493,60.83629364013672,60.29214145660401,45.950231605204,-0.02623674236900256,29.288246673268908,42.695449846914215,-0.05637330749518207,0.02703263412356377,2.17265890332626,14.760000228881836,0.10182971273357437,99,-0.0022671338732057323,0
2023-11-14,59.43767011801892,59.59212875366211,0.009392742203314776,60.74941040039062,60.34826713562012,46.53759758942212,-0.0080346070198276,30.68848495618848,40.47842050014334,-0.05610764926329762,0.027804324811274157,2.1357227932180307,14.15999984741211,0.10397579774675207,100,0.025415359110567783,0
2023-11-15,59.16736515885004,59.17701721191406,0.01508027132785118,60.67025039672851,60.38888168334961,44.664540360781636,-0.005999666549920694,25.67094907272481,37.444586256819484,-0.19752165571882477,0.02902290200993999,2.1357227932180307,14.180000305175781,0.09628563622643514,101,0.0024529334231387376,0
2023-11-16,57.555200022899214,58.22130584716797,0.021273102383103745,60.557881622314454,60.42109439849853,40.61182401885875,-0.02426798679066217,14.119075456649622,33.85648948953978,-0.1352840880053103,0.03129481588716317,2.137811586093627,14.319999694824219,0.07858057620630006,102,-0.0044569410882508,0
2023-11-17,58.46264829764535,58.848793029785156,0.016598165108627713,60.42620513916015,60.4564049911499,44.19229605102275,-0.0065189622545214045,21.70363801045645,31.394413832357422,-0.13741889026959542,0.03207647679438619,2.137811586093627,13.800000190734863,0.09020510913529198,103,-0.0003280213997998953,0
2023-11-20,59.00324851696524,59.02255630493164,0.014485667473005788,60.262864685058595,60.48324840545654,45.17796989163318,-0.0336653064099985,23.803949325830175,30.414251645214286,-0.6831409047359255,0.03273865492349226,2.137811586093627,13.40999984741211,0.09342416598576805,104,-0.007628716716081884,0
2023-11-21,58.2309603033067,58.64606857299805,0.013471327570447712,60.07828659057617,60.503631324768065,43.3898179353275,-0.0358672921416397,19.25326712435283,29.37574542779941,-0.6665217606970063,0.03346696299814482,2.1229757813584262,13.350000381469727,0.08644953103152148,105,-0.015875589619810726,0
2023-11-22,57.18836723066021,58.12477111816406,0.018624107786450225,59.83540023803711,60.51485412597656,40.9716806768768,-0.024939176525117557,12.952240960220399,27.590453144328364,-0.7314090373599794,0.03214330643852485,2.128836301920079,12.850000381469727,0.07679221914151228,106,-0.017781330376654268,0
2023-11-24,57.91239306014633,58.07650375366211,0.014166641235351619,59.592127380371096,60.52867500305176,40.74525647704861,-0.0006643461484333482,13.070403226587354,25.81106897417567,-0.7240945512829444,0.01614579607404782,2.1166421895934993,12.460000038146973,0.07589804060911841,107,-0.0024870980030225983,0
2023-11-27,57.37178280639537,57.79654312133789,0.012172745162198191,59.38708312988281,60.55201900482178,39.38567445778595,-0.020932163812450076,9.494520804882066,24.45965983705276,-0.8217271025472994,0.01780603195885916,2.103256586695155,12.6899995803833,0.07071162138107864,108,-0.017880569069865036,0
2023-11-28,57.55520121292951,57.97996520996094,0.01302827138650135,59.280506744384766,60.56757007598877,40.77991195055547,-0.008583694906440635,11.8373352820977,23.552110615871495,-0.8301206596184634,0.018040292670957473,2.112164279017359,12.6899995803833,0.07410961287504016,109,-0.017664282271752253,0
2023-11-29,57.806199786898766,58.24061584472656,0.009624925863135465,59.19555435180664,60.58486114501953,42.79362571772556,-0.010659205076231602,15.66890841753524,22.754455642541327,-0.8094324119007598,0.018864941784172213,2.112164279017359,12.979999542236328,0.07893830415468998,110,-0.00691355342544076,0
2023-11-30,56.96632025252399,57.10147476196289,0.028213213693284056,59.036461639404294,60.57295063018799,36.889742884393,-0.03992867584085561,1.7632631528767932,21.524063084025656,-0.6447655720490227,0.02135109410363237,2.1018063848582984,12.920000076293945,0.057835111302012424,111,-0.01760516792609598,0
2023-12-01,56.744296888767124,56.79256820678711,0.013874783688586488,58.865012664794925,60.55053810119629,35.4610321387657,-0.04697869677466353,0.612032966688987,19.12176040087804,-1.2786735609448765,0.024555406914812186,2.0723995865743805,12.630000114440918,0.05211245349784013,112,-0.022107659102912843,0
2023-12-04,55.75962025917327,55.85615921020508,0.01608766791882057,58.69626678466797,60.51760620117187,31.480806691624807,-0.05611736039038478,1.0881647393567289,16.894956018530003,-1.164567656191025,0.02972264850888037,2.0763440606387635,13.079999923706055,0.034764980087514025,113,-0.033572663802040485,0
2023-12-05,55.247974128283786,55.296241760253906,0.014660267256455565,58.52674835205078,60.49890712738037,29.358841194446796,-0.050240441095436975,0.5143955888993064,15.374585971741592,-1.2895556962454393,0.029938244718232438,2.074488379449977,12.850000381469727,0.02439221230072497,114,-0.04628708278779665,0
2023-12-06,54.37914196877511,54.52394485473633,0.017223190087097127,58.32093170166016,60.47335147857666,26.686851493484156,-0.07349085601228714,1.412407885822161,14.803431718134224,-1.5078494430337976,0.03464201665691834,2.0798709349679423,12.970000267028809,0.010085002435970443,115,-0.0638157913697055,0
2023-12-07,54.0784569647937,54.620792388916016,0.022939814347354936,58.13636566162109,60.441158828735354,27.576997711344532,-0.0745776562654206,5.1392146019698295,13.864357581828665,-1.7421000959293473,0.039801747793774434,2.050464136684024,13.0600004196167,0.011879154382577249,116,-0.04344340287861245,0
2023-12-08,54.55300424801502,54.6885871887207,0.010886723855642766,57.88075744628906,60.4088740158081,28.233885834558464,-0.06748076180675913,5.781643640526037,13.289959184194036,-1.7377438132306904,0.04436992478342604,2.0383557158631596,12.350000381469727,0.013135089012918206,117,-0.03704676658406453,0
2023-12-11,54.53363131517333,55.259971618652344,0.015965899028473646,57.65804443359375,60.379414825439454,33.692637543456186,-0.04928706719012723,11.196128984895925,12.75291354359149,-1.6607527392755497,0.04252474705488479,2.0383557158631596,12.630000114440918,0.023720288686878366,118,-0.0106736231058975,0
2023-12-12,53.38116821048058,53.797603607177734,0.028308603606859595,57.42549133300781,60.33263637542725,27.853300602609465,-0.07367695832093822,3.701590689621264,11.473580744409109,-1.448754684620052,0.04260856953829835,2.0284791326713343,12.069999694824219,0.0,0,-0.027101989310119267,1
2023-12-13,53.855713496800504,55.41492462158203,0.02981857197793325,57.317483825683595,60.28682018280029,40.19771608269791,-0.04120693680166816,18.077555020533982,10.843034247626383,-0.7780592078993702,0.04453478395569015,2.0543769112487333,12.1899995803833,0.030063067980011515,1,0.016341073068345795,0
2023-12-14,56.82887098217665,56.90634536743164,0.017006802941754433,57.23244903564453,60.245424613952636,48.8834108560448,-0.018517083248350233,31.334423170864913,11.126207952533388,-0.3575520154101169,0.0449474044657874,2.0683118851808997,12.479999542236328,0.05778587802820151,2,0.041844009919186444,0
2023-12-15,56.21874440359421,56.7126579284668,0.015179931322437674,57.16167709350586,60.20748340606689,47.910213633681515,-0.026235263726149552,29.61278368859428,11.90089336413062,-0.4718673559745366,0.04544535174062745,2.0671203946091348,12.279999732971191,0.054185579390754364,3,0.037010843464677215,0
2023-12-18,57.10972213745117,57.10972213745117,0.015412936674681818,57.09134185791016,60.18314002990723,50.10329717848763,0.0001444336687040365,33.14218870751313,12.472820898983453,-0.5233349823703237,0.045725059014363224,2.0567625004500742,12.5600004196167,0.061566283778326715,4,0.033473606022889575,0
2023-12-19,56.98381694159018,58.39775848388672,0.025203005842126345,57.04820083618164,60.16946269989014,56.50112675562734,0.028264090316447037,44.59122350540499,13.512184607962194,-0.2751954161611694,0.04799798006009889,2.152710789828175,12.529999732971191,0.08550854625976735,5,0.08550854625976735,0
2023-12-20,58.18470092762966,58.27185821533203,0.01619566302132238,56.995390014648436,60.14441780090332,55.748675118837006,0.0432485698852992,43.4721273248232,14.723127617985714,-0.3040534434520671,0.047633425083993,2.1513202889470078,13.670000076293945,0.08316828832794584,6,0.05155530957155415,0
2023-12-21,58.107225941860705,58.53334426879883,0.00900001525878908,56.969643096923825,60.126705169677734,57.02866600085749,0.058541094394442224,45.79641183246894,16.36533616159814,-0.3471846416776085,0.048912104256819126,2.1427844694076654,13.649999618530273,0.08802884039595485,7,0.028590816909116492,0
2023-12-22,58.78514353783553,58.89167404174805,0.020215159124306235,56.99645782470703,60.12383960723877,58.78790303268215,0.08010662468844287,48.98151608125001,18.16089180433127,-0.34306046616292457,0.0520920804641718,2.1492173525236105,13.029999732971191,0.09468954178268744,8,0.0384220417958492,0
2023-12-26,59.317788038055326,59.501792907714844,0.008972255202379122,57.02257781982422,60.119951171875,61.66563313891323,0.08936158384603206,54.404710967508386,20.406401312462588,-0.3292968539552685,0.057395275428469575,2.1268625653731092,12.989999771118164,0.10603054630812682,9,0.041885526329588106,0
2023-12-27,59.00789133357251,59.11442184448242,0.012030529734390786,57.02625244140625,60.09957733154297,58.85560554676302,0.08092793914183487,50.961465910862536,22.362607843900832,-0.31093197449152293,0.05288980250752043,2.1111955707233934,12.430000305175781,0.09883001994154461,10,0.012272103916342045,0
2023-12-28,58.058805072067365,58.07817459106445,0.01693798316125791,57.0035366821289,60.06518272399902,52.02581782439671,0.050998994206158055,41.75052175044799,23.66668851054647,-0.1709184481054208,0.04855480219499699,2.118326745833767,12.470000267028809,0.07956806059881077,11,-0.0033237935119875346,0
2023-12-29,57.67142540211001,57.826377868652344,0.012500000000000108,56.99160095214844,60.02971424102783,50.49254993546026,0.07488761564347982,39.6142987310739,25.559240289456326,-0.36370399893147987,0.04412265568861495,2.097058057982621,12.449999809265137,0.07488761564347982,12,-0.012078011413459122,0
