Date,Close,Slope,Percent_Change,Target
2022-01-03 00:00:00-05:00,399.9266662597656,,,0
2022-01-04 00:00:00-05:00,383.1966552734375,,,0
2022-01-05 00:00:00-05:00,362.7066650390625,,,0
2022-01-06 00:00:00-05:00,354.8999938964844,,,0
2022-01-07 00:00:00-05:00,342.32000732421875,-14.350997924804688,,0
2022-01-10 00:00:00-05:00,352.7066650390625,-8.136663818359375,-11.807164964096739,1
2022-01-11 00:00:00-05:00,354.79998779296875,-1.8006683349609376,-7.410468512624613,1
2022-01-12 00:00:00-05:00,368.739990234375,4.015997314453125,1.6634172395654012,0
2022-01-13 00:00:00-05:00,343.85333251953125,1.90999755859375,-3.11261244489488,0
2022-01-14 00:00:00-05:00,349.8699951171875,-1.66199951171875,2.205535064100994,0
2022-01-18 00:00:00-05:00,343.5033264160156,-4.146331787109375,-2.609346387607281,0
2022-01-19 00:00:00-05:00,331.8833312988281,-7.406332397460938,-6.459035310765804,1
2022-01-20 00:00:00-05:00,332.0899963378906,-4.151333618164062,-9.939251197894006,1
2022-01-21 00:00:00-05:00,314.6333312988281,-8.188665771484375,-8.497809518552035,1
2022-01-24 00:00:00-05:00,310.0,-8.425665283203125,-11.395660009036558,1
2022-01-25 00:00:00-05:00,306.1333312988281,-7.358999633789063,-10.879078088440064,1
2022-01-26 00:00:00-05:00,312.4700012207031,-4.7739990234375,-5.849444141153692,1
2022-01-27 00:00:00-05:00,276.3666687011719,-7.406332397460938,-16.779586332381445,1
2022-01-28 00:00:00-05:00,282.1166687011719,-8.553332519531251,-10.33478000039768,1
2022-01-31 00:00:00-05:00,312.239990234375,-1.8140014648437501,0.7225774949596753,0
2022-02-01 00:00:00-05:00,310.4166564941406,3.1766632080078128,1.399169824840607,0
2022-02-02 00:00:00-05:00,301.88665771484375,7.93399658203125,-3.386995060170328,0
2022-02-03 00:00:00-05:00,297.0466613769531,1.950665283203125,7.4828099831901085,0
2022-02-04 00:00:00-05:00,307.7733459472656,-2.2303283691406253,9.094349995061869,0
2022-02-07 00:00:00-05:00,302.4466552734375,-1.0053314208984376,-3.1364768342409866,1
2022-02-08 00:00:00-05:00,307.3333435058594,1.6293365478515627,-0.9932820690436883,0
2022-02-09 00:00:00-05:00,310.6666564941406,2.6799987792968754,2.9083758937072046,0
2022-02-10 00:00:00-05:00,301.51666259765625,-0.4293365478515625,1.5048144961409493,0
2022-02-11 00:00:00-05:00,286.6666564941406,-3.7376678466796878,-6.857867885915459,1
2022-02-14 00:00:00-05:00,291.9200134277344,-5.482666015625,-3.4804953740308786,1
2022-02-15 00:00:00-05:00,307.4766540527344,-1.5976654052734376,0.04663032824236968,0
2022-02-16 00:00:00-05:00,307.7966613769531,3.33699951171875,-0.9238182010181784,0
2022-02-17 00:00:00-05:00,292.1166687011719,2.677667236328125,-3.117570291306826,0
2022-02-18 00:00:00-05:00,285.6600036621094,-2.7880004882812504,-0.3511579771230955,0
2022-02-22 00:00:00-05:00,273.84332275390625,-8.94033203125,-6.192343738810857,1
2022-02-23 00:00:00-05:00,254.67999267578125,-12.450668334960938,-17.170949625300047,1
2022-02-24 00:00:00-05:00,266.92333984375,-8.136666870117187,-13.279325821908861,1
2022-02-25 00:00:00-05:00,269.9566650390625,-3.832666015625,-7.586011356571543,1
2022-02-28 00:00:00-05:00,290.1433410644531,4.7876708984375,1.569466269295039,0
2022-03-01 00:00:00-05:00,288.1233215332031,9.010665893554688,5.214660206314337,0
2022-03-02 00:00:00-05:00,293.2966613769531,7.091329956054688,15.162819935499439,0
2022-03-03 00:00:00-05:00,279.7633361816406,2.276666259765625,4.810368529558651,0
2022-03-04 00:00:00-05:00,279.42999267578125,-2.978668212890625,3.5092030920399697,0
2022-03-07 00:00:00-05:00,268.1933288574219,-5.3726654052734375,-7.565230388022314,1
2022-03-08 00:00:00-05:00,274.79998779296875,-4.856335449218751,-4.6241774769693595,1
2022-03-09 00:00:00-05:00,286.3233337402344,0.8489990234375,-2.377568024123,0
2022-03-10 00:00:00-05:00,279.4333190917969,1.8136657714843751,-0.11796295195360962,0
2022-03-11 00:00:00-05:00,265.1166687011719,-0.15199890136718752,-5.12232915212395,0
2022-03-14 00:00:00-04:00,255.4566650390625,-5.989331054687501,-4.749060639435399,1
2022-03-15 00:00:00-04:00,267.2966613769531,-6.202999877929688,-2.730468249390372,0
2022-03-16 00:00:00-04:00,280.07666015625,0.34666748046875,-2.1816851258275927,0
2022-03-17 00:00:00-04:00,290.5333251953125,7.545330810546876,3.9723273300379613,0
2022-03-18 00:00:00-04:00,301.7966613769531,11.591665649414063,13.835415500458549,0
2022-03-21 00:00:00-04:00,307.0533447265625,10.123336791992188,20.19782090226936,0
2022-03-22 00:00:00-04:00,331.32666015625,11.902001953125001,23.954657139918044,0
2022-03-23 00:00:00-04:00,333.03668212890625,11.453671264648438,18.90911650514211,0
2022-03-24 00:00:00-04:00,337.97332763671875,9.833666992187501,16.328592394526332,0
2022-03-25 00:00:00-04:00,336.8800048828125,6.6299987792968755,11.62482823560438,0
2022-03-28 00:00:00-04:00,363.9466552734375,6.908331298828125,18.528803390023228,0
2022-03-29 00:00:00-04:00,366.5233459472656,9.294665527343751,10.622956140751615,0
2022-03-30 00:00:00-04:00,364.663330078125,8.302334594726563,9.49644578100175,0
2022-03-31 00:00:00-04:00,359.20001220703125,4.5356689453125005,6.28057980750738,0
2022-04-01 00:00:00-04:00,361.5299987792969,-1.2156646728515625,7.317143653289593,0
2022-04-04 00:00:00-04:00,381.8166809082031,2.7453338623046877,4.910067279321373,0
2022-04-05 00:00:00-04:00,363.7533264160156,2.0796661376953125,-0.7557552777684551,0
2022-04-06 00:00:00-04:00,348.586669921875,-1.9003356933593751,-4.408630874073838,1
2022-04-07 00:00:00-04:00,352.4200134277344,-5.144998168945313,-1.8875274356586313,0
2022-04-08 00:00:00-04:00,341.8299865722656,-9.130670166015625,-5.449067096381544,1
2022-04-11 00:00:00-04:00,325.30999755859375,-8.364334106445312,-14.79942762458688,1
2022-04-12 00:00:00-04:00,328.98333740234375,-6.6316680908203125,-9.558672454284666,1
2022-04-13 00:00:00-04:00,340.7900085449219,-3.6106658935546876,-2.2366493184322045,0
2022-04-14 00:00:00-04:00,328.3333435058594,-1.1513275146484376,-6.834648715775648,1
2022-04-18 00:00:00-04:00,334.7633361816406,1.8256683349609375,-2.067299730338623,0
2022-04-19 00:00:00-04:00,342.7166748046875,2.144000244140625,5.350796894263454,0
2022-04-20 00:00:00-04:00,325.73333740234375,-1.5730010986328127,-0.9878919782570272,0
2022-04-21 00:00:00-04:00,336.260009765625,0.6823333740234375,-1.3292639648206594,0
2022-04-22 00:00:00-04:00,335.01666259765625,-0.595001220703125,2.03552859433469,0
2022-04-25 00:00:00-04:00,332.67333984375,-1.08033447265625,-0.6243205608264746,0
2022-04-26 00:00:00-04:00,292.1400146484375,-7.07733154296875,-14.75757203383039,1
2022-04-27 00:00:00-04:00,293.836669921875,-12.772332763671876,-9.792263737828645,1
2022-04-28 00:00:00-04:00,292.5033264160156,-12.386334228515626,-13.01275265533598,1
2022-04-29 00:00:00-04:00,290.2533264160156,-8.447671508789062,-13.361525314757216,1
2022-05-02 00:00:00-04:00,300.9800109863281,1.4096649169921875,-9.526861657236374,0
2022-05-03 00:00:00-04:00,303.0833435058594,2.6970031738281253,3.745919185562818,0
2022-05-04 00:00:00-04:00,317.5400085449219,6.2903381347656255,8.066841565196437,0
2022-05-05 00:00:00-04:00,291.09332275390625,1.8239990234375,-0.48204705204069054,0
2022-05-06 00:00:00-04:00,288.54998779296875,-3.6850067138671876,-0.5868455132209238,0
2022-05-09 00:00:00-04:00,262.3699951171875,-11.041671752929688,-12.828099694266559,1
2022-05-10 00:00:00-04:00,266.67999267578125,-13.044335937500001,-12.011003445121471,1
2022-05-11 00:00:00-04:00,244.6666717529297,-11.472329711914064,-22.9493401873745,1
2022-05-12 00:00:00-04:00,242.6666717529297,-10.946995544433594,-16.636125673661372,1
2022-05-13 00:00:00-04:00,256.5299987792969,-3.5693313598632814,-11.096860290510858,1
2022-05-16 00:00:00-04:00,241.4566650390625,-3.8583328247070314,-7.9709305436332585,1
2022-05-17 00:00:00-04:00,253.8699951171875,1.7196640014648439,-4.803509040952925,0
2022-05-18 00:00:00-04:00,236.60333251953125,-1.478668212890625,-3.2956426699346286,1
2022-05-19 00:00:00-04:00,236.47332763671875,-4.4966674804687505,-2.5522021921974836,0
2022-05-20 00:00:00-04:00,221.3000030517578,-5.770999145507813,-13.733284955046853,1
2022-05-23 00:00:00-04:00,224.96665954589844,-7.311000061035156,-6.829385095042351,1
2022-05-24 00:00:00-04:00,209.3866729736328,-6.5939987182617195,-17.522087288425315,1
2022-05-25 00:00:00-04:00,219.6000061035156,-4.5659973144531305,-7.186427272579543,1
2022-05-26 00:00:00-04:00,235.91000366210935,2.3853347778320226,-0.23821882164859476,0
2022-05-27 00:00:00-04:00,253.2100067138672,8.301002502441404,14.419341718059652,0
2022-05-31 00:00:00-04:00,252.7533264160156,12.034330749511717,12.35145995686886,0
2022-06-01 00:00:00-04:00,246.7899932861328,7.122329711914069,17.86327648331756,0
2022-06-02 00:00:00-04:00,258.3333435058594,3.8426666259765683,17.638131295900592,0
2022-06-03 00:00:00-04:00,234.51666259765625,-3.18066711425781,-0.5906239849195916,0
2022-06-06 00:00:00-04:00,238.27999877929688,-4.121998596191401,-5.896294592907436,1
2022-06-07 00:00:00-04:00,238.8866729736328,-3.58599853515625,-5.486239741731103,1
2022-06-08 00:00:00-04:00,241.86666870117188,-2.856333923339844,-1.9949449811170972,0
2022-06-09 00:00:00-04:00,239.7066650390625,1.39666748046875,-7.210326864512706,0
2022-06-10 00:00:00-04:00,232.22999572753903,-1.1280014038085995,-0.9750551814905695,0
2022-06-13 00:00:00-04:00,215.73666381835935,-5.593669128417978,-9.460859105433329,1
2022-06-14 00:00:00-04:00,220.88999938964844,-6.592333984375003,-7.533561148457524,1
2022-06-15 00:00:00-04:00,233.0,-2.4753326416015597,-3.6659324531098214,1
2022-06-16 00:00:00-04:00,213.1000061035156,-2.0996643066406224,-11.099674233593415,1
2022-06-17 00:00:00-04:00,216.7599945068359,-0.5743331909179716,-6.661500023818245,0
2022-06-21 00:00:00-04:00,237.0366668701172,1.605332946777341,9.873149364028123,0
2022-06-22 00:00:00-04:00,236.086669921875,3.0110000610351593,6.879745834676632,0
2022-06-23 00:00:00-04:00,235.07000732421875,6.32666778564454,0.888415160608913,0
2022-06-24 00:00:00-04:00,245.7066650390625,5.592668151855475,15.301106523529562,0
2022-06-27 00:00:00-04:00,244.9199981689453,2.538665771484375,12.991328831769898,0
2022-06-28 00:00:00-04:00,232.663330078125,0.30033111572265625,-1.8450043403574035,0
2022-06-29 00:00:00-04:00,228.4900054931641,-2.620333862304682,-3.2177439036370714,1
2022-06-30 00:00:00-04:00,224.47332763671875,-5.8896667480468725,-4.507882484933345,1
2022-07-01 00:00:00-04:00,227.26333618164065,-4.350332641601557,-7.506238731655779,1
2022-07-05 00:00:00-04:00,233.0666656494141,-0.04199981689452557,-4.839675244221919,0
2022-07-06 00:00:00-04:00,231.73333740234375,1.508000183105466,-0.3997160512870579,0
2022-07-07 00:00:00-04:00,244.5433349609375,4.46100158691406,7.025834426816391,0
2022-07-08 00:00:00-04:00,250.76333618164065,5.847666931152341,11.711862973523912,0
2022-07-11 00:00:00-04:00,234.3433380126953,2.158334350585935,3.115329533575073,0
2022-07-12 00:00:00-04:00,233.07000732421875,-0.7526657104492188,0.0014337849624901366,0
2022-07-13 00:00:00-04:00,237.0399932861328,-3.270001220703128,2.289983799169759,0
2022-07-14 00:00:00-04:00,238.31333923339844,-2.220333862304693,-2.547603977239543,0
2022-07-15 00:00:00-04:00,240.0666656494141,1.6689987182617245,-4.265643732095836,0
2022-07-18 00:00:00-04:00,240.54666137695312,1.797998046875003,2.647108903058193,0
2022-07-19 00:00:00-04:00,245.52999877929688,1.9213333129882812,5.346029546283626,0
2022-07-20 00:00:00-04:00,247.5,2.383665466308591,4.41276029789659,0
2022-07-21 00:00:00-04:00,271.7066650390625,7.02333374023437,14.012361168318588,0
2022-07-22 00:00:00-04:00,272.24334716796875,8.957003784179689,13.403227570771726,0
2022-07-25 00:00:00-04:00,268.4333190917969,7.054998779296875,11.593034613414744,0
2022-07-26 00:00:00-04:00,258.8599853515625,1.9446624755859376,5.4290663619673385,0
2022-07-27 00:00:00-04:00,274.82000732421875,-0.715667724609375,11.038386797664135,0
2022-07-28 00:00:00-04:00,280.8999938964844,2.3699981689453127,3.3835492611490325,0
2022-07-29 00:00:00-04:00,297.1499938964844,7.947335815429688,9.14867047720682,0
2022-08-01 00:00:00-04:00,297.27667236328125,9.916336059570312,10.745071948993301,0
2022-08-02 00:00:00-04:00,300.586669921875,6.7910003662109375,16.11940312584146,0
2022-08-03 00:00:00-04:00,307.39666748046875,5.643002319335938,11.853816784822978,0
2022-08-04 00:00:00-04:00,308.6333312988281,3.3086669921875003,9.873028837645293,0
2022-08-05 00:00:00-04:00,288.1700134277344,-1.0166656494140625,-3.0220362285715785,1
2022-08-08 00:00:00-04:00,290.42333984375,-3.9553314208984376,-2.3053717821344133,0
2022-08-09 00:00:00-04:00,283.3333435058594,-6.633663940429688,-5.739884080854251,1
2022-08-10 00:00:00-04:00,294.3566589355469,-3.3390014648437503,-4.242078696494134,1
2022-08-11 00:00:00-04:00,286.6300048828125,0.08533020019531251,-7.129277425551727,0
2022-08-12 00:00:00-04:00,300.0299987792969,2.2509979248046874,4.115620917835949,0
2022-08-15 00:00:00-04:00,309.32000732421875,5.764666748046875,6.506593957164508,0
2022-08-16 00:00:00-04:00,306.5633239746094,4.710333251953125,8.198816341667037,0
2022-08-17 00:00:00-04:00,303.9966735839844,4.126666259765625,3.2749436290307576,0
2022-08-18 00:00:00-04:00,302.8699951171875,0.0356658935546875,5.665837476092106,0
2022-08-19 00:00:00-04:00,296.6666564941406,-2.9000030517578126,-1.1210019994135068,0
2022-08-22 00:00:00-04:00,289.913330078125,-4.06300048828125,-6.273980598271589,1
2022-08-23 00:00:00-04:00,296.4533386230469,-2.8043334960937503,-3.2978456850239035,1
2022-08-24 00:00:00-04:00,297.0966796875,-1.175994873046875,-2.2697596704386758,0
2022-08-25 00:00:00-04:00,296.07000732421875,0.599005126953125,-2.2451837100395777,0
2022-08-26 00:00:00-04:00,288.0899963378906,-0.4029998779296875,-2.891009140563594,0
2022-08-29 00:00:00-04:00,284.82000732421875,-3.2273345947265626,-1.7568432443357151,0
2022-08-30 00:00:00-04:00,277.70001220703125,-5.00433349609375,-6.3258948282114975,1
2022-08-31 00:00:00-04:00,275.6099853515625,-5.131002807617188,-7.2322229782366465,1
2022-09-01 00:00:00-04:00,277.1600036621094,-3.1070007324218754,-6.3870041525015075,1
2022-09-02 00:00:00-04:00,270.2099914550781,-2.976004028320313,-6.206395609044913,1
2022-09-06 00:00:00-04:00,274.4200134277344,-1.1959991455078125,-3.6514267358492725,1
2022-09-07 00:00:00-04:00,283.70001220703125,1.34400634765625,2.160604874416383,0
2022-09-08 00:00:00-04:00,289.260009765625,3.769003295898438,4.952659605801579,0
2022-09-09 00:00:00-04:00,299.67999267578125,7.377999877929688,8.125266530565645,0
2022-09-12 00:00:00-04:00,304.4200134277344,7.597998046875,12.660531828758682,0
2022-09-13 00:00:00-04:00,292.1300048828125,3.2019989013671877,6.453607823228924,0
2022-09-14 00:00:00-04:00,302.6099853515625,1.9149963378906252,6.6654819636495555,0
2022-09-15 00:00:00-04:00,303.75,0.6329986572265626,5.00933061784643,0
2022-09-16 00:00:00-04:00,303.3500061035156,0.947998046875,1.2246441262112828,0
2022-09-19 00:00:00-04:00,309.07000732421875,3.4620025634765628,1.5274928360083706,0
2022-09-20 00:00:00-04:00,308.7300109863281,1.756005859375,5.6824036648254195,0
2022-09-21 00:00:00-04:00,300.79998779296875,-0.052001953125,-0.5981288279337305,0
2022-09-22 00:00:00-04:00,288.5899963378906,-3.7790039062500003,-4.99094770769033,1
2022-09-23 00:00:00-04:00,275.3299865722656,-8.762005615234376,-9.23686137052142,1
2022-09-26 00:00:00-04:00,276.010009765625,-9.091000366210938,-10.696604903468799,1
2022-09-27 00:00:00-04:00,282.94000244140625,-4.829995727539063,-8.35358003017853,1
2022-09-28 00:00:00-04:00,287.80999755859375,0.6050018310546875,-4.318480971254424,0
2022-09-29 00:00:00-04:00,268.2099914550781,-0.24400024414062502,-7.061923539078919,0
2022-09-30 00:00:00-04:00,265.25,-3.6250030517578127,-3.6610565735163525,1
2022-10-03 00:00:00-04:00,242.3999938964844,-10.364001464843746,-12.177100351425906,1
2022-10-04 00:00:00-04:00,249.44000244140625,-10.254998779296873,-11.839965968381394,1
2022-10-05 00:00:00-04:00,240.80999755859375,-7.0609985351562505,-16.33021799057953,1
2022-10-06 00:00:00-04:00,238.1300048828125,-5.5829986572265655,-11.215088002157314,1
2022-10-07 00:00:00-04:00,223.07000732421875,-4.996997070312506,-15.901976503593307,1
2022-10-10 00:00:00-04:00,222.9600067138672,-7.069998168945313,-8.019796894433483,1
2022-10-11 00:00:00-04:00,216.5,-6.378999328613282,-13.205581349825357,1
2022-10-12 00:00:00-04:00,217.2400054931641,-4.835000610351557,-9.787796314268316,1
2022-10-13 00:00:00-04:00,221.72000122070312,-0.8420013427734347,-6.891195282251383,0
2022-10-14 00:00:00-04:00,204.9900054931641,-3.072000122070307,-8.105079677868332,1
2022-10-17 00:00:00-04:00,219.3500061035156,-0.6549987792968808,-1.6191247316315494,0
2022-10-18 00:00:00-04:00,220.19000244140625,0.352999877929679,1.7043891184324478,0
2022-10-19 00:00:00-04:00,222.0399932861328,1.5839981079101535,2.2095321633196052,0
2022-10-20 00:00:00-04:00,207.27999877929688,0.7269973754882785,-6.512719809627132,0
2022-10-21 00:00:00-04:00,214.44000244140625,-2.273001098632807,4.609979362412031,0
2022-10-24 00:00:00-04:00,211.25,-2.5479995727539064,-3.6927311958646736,1
2022-10-25 00:00:00-04:00,222.4199981689453,0.47300109863281253,1.0127597542183953,0
2022-10-26 00:00:00-04:00,224.63999938964844,4.269999694824219,1.1709629715963343,0
2022-10-27 00:00:00-04:00,225.08999633789065,3.468998718261725,8.592241250231346,0
2022-10-28 00:00:00-04:00,228.52000427246097,3.7210006713867276,6.565939969573509,0
2022-10-31 00:00:00-04:00,227.5399932861328,1.411999511718753,7.7112394253883165,0
2022-11-01 00:00:00-04:00,227.82000732421875,0.8810012817382784,2.4278433592880955,0
2022-11-02 00:00:00-04:00,214.97999572753903,-2.0919998168945457,-4.300215317109968,1
2022-11-03 00:00:00-04:00,215.30999755859375,-3.8980010986328213,-4.344928223560762,1
2022-11-04 00:00:00-04:00,207.47000122070312,-5.2649993896484375,-9.21144873892976,1
2022-11-07 00:00:00-05:00,197.0800018310547,-6.899000549316404,-13.386653930667258,1
2022-11-08 00:00:00-05:00,191.3000030517578,-6.558998107910151,-16.03020064014309,1
2022-11-09 00:00:00-05:00,177.58999633789062,-9.161000061035157,-17.392315625978373,1
2022-11-10 00:00:00-05:00,190.72000122070312,-5.299000549316407,-11.42074061433157,1
2022-11-11 00:00:00-05:00,195.97000122070312,-0.2800003051757813,-5.542970035348138,0
2022-11-14 00:00:00-05:00,190.9499969482422,1.767999267578125,-3.110414464105493,0
2022-11-15 00:00:00-05:00,194.4199981689453,3.3889999389648438,1.6309435794119365,0
2022-11-16 00:00:00-05:00,186.9199981689453,-0.9150009155273438,5.253675332760865,0
2022-11-17 00:00:00-05:00,183.1699981689453,-2.96300048828125,-3.9586844606931737,1
2022-11-18 00:00:00-05:00,180.19000244140625,-3.276998901367188,-8.052252222790624,1
2022-11-21 00:00:00-05:00,167.8699951171875,-5.983000183105469,-12.086934904382652,1
2022-11-22 00:00:00-05:00,169.91000366210938,-4.931999206542969,-12.606724996230822,1
2022-11-23 00:00:00-05:00,183.1999969482422,-1.0220001220703125,-1.9901568891204757,0
2022-11-25 00:00:00-05:00,182.86000061035156,2.066999816894531,-0.16924035687756467,0
2022-11-28 00:00:00-05:00,182.9199981689453,4.305000305175781,1.5150650372108165,0
2022-11-29 00:00:00-05:00,180.8300018310547,2.155999755859375,7.720263948789663,0
2022-11-30 00:00:00-05:00,194.6999969482422,2.0970001220703125,14.59007283375222,0
2022-12-01 00:00:00-05:00,194.6999969482422,3.5459991455078126,6.277292680986779,0
2022-12-02 00:00:00-05:00,194.86000061035156,3.7750000000000004,6.562397440635626,0
2022-12-05 00:00:00-05:00,182.4499969482422,0.3399993896484375,-0.25694359578389836,0
2022-12-06 00:00:00-05:00,179.82000732421875,-4.200997924804688,-0.5585325978039624,0
2022-12-07 00:00:00-05:00,174.0399932861328,-5.636000061035157,-10.611198760111694,1
2022-12-08 00:00:00-05:00,173.44000244140625,-5.125,-10.91936047255695,1
2022-12-09 00:00:00-05:00,179.0500030517578,-1.3179992675781251,-8.113516118789278,1
2022-12-12 00:00:00-05:00,167.82000732421875,-1.8989990234375,-8.018629689631462,1
2022-12-13 00:00:00-05:00,160.9499969482422,-3.1799987792968754,-10.493832503272893,1
2022-12-14 00:00:00-05:00,156.8000030517578,-5.13800048828125,-9.905763559776382,1
2022-12-15 00:00:00-05:00,157.6699981689453,-5.378001403808594,-9.092483885191694,1
2022-12-16 00:00:00-05:00,150.22999572753906,-3.846002197265625,-16.096066368615347,1
2022-12-19 00:00:00-05:00,149.8699951171875,-2.8730010986328125,-10.695990599233408,1
2022-12-20 00:00:00-05:00,137.8000030517578,-4.580000305175782,-14.383345346647559,1
2022-12-21 00:00:00-05:00,137.57000732421875,-5.262997436523438,-12.264027648769538,1
2022-12-22 00:00:00-05:00,125.3499984741211,-6.2059982299804695,-20.498509589752732,1
2022-12-23 00:00:00-05:00,123.1500015258789,-6.588999176025391,-18.025690588964082,1
2022-12-27 00:00:00-05:00,109.0999984741211,-7.1820014953613285,-27.203575079312714,1
2022-12-28 00:00:00-05:00,112.70999908447266,-6.597001647949219,-18.207549645598576,1
2022-12-29 00:00:00-05:00,121.81999969482422,-1.75,-11.448721953089402,1
2022-12-30 00:00:00-05:00,123.18000030517578,1.2779998779296875,-1.7311513325573125,0
2023-01-03 00:00:00-05:00,108.0999984741211,0.8470001220703125,-12.220871185775161,0
2023-01-04 00:00:00-05:00,113.63999938964844,-1.1860000610351562,4.161320787373102,0
2023-01-05 00:00:00-05:00,110.33999633789062,-3.2500007629394534,-2.1027440030460753,0
2023-01-06 00:00:00-05:00,113.05999755859376,-1.8000007629394503,-7.1909392203049265,1
2023-01-09 00:00:00-05:00,119.7699966430664,2.2759994506835954,-2.7683095093855914,0
2023-01-10 00:00:00-05:00,118.8499984741211,1.9849998474121096,9.94449597755871,0
2023-01-11 00:00:00-05:00,123.22000122070312,3.155001068115233,8.430131892386594,0
2023-01-12 00:00:00-05:00,123.55999755859376,2.445000457763672,11.981150679233266,0
2023-01-13 00:00:00-05:00,122.4000015258789,0.9970008850097671,8.261103988123342,0
2023-01-17 00:00:00-05:00,131.49000549316406,2.4460014343261722,9.785429722458083,0
2023-01-18 00:00:00-05:00,128.77999877929688,1.90500030517578,8.355069779271385,0
2023-01-19 00:00:00-05:00,127.16999816894533,1.3599998474121096,3.2056459252644,0
2023-01-20 00:00:00-05:00,133.4199981689453,1.7719985961914078,7.979929431186505,0
2023-01-23 00:00:00-05:00,143.75,2.9159988403320316,17.44280899343542,0
2023-01-24 00:00:00-05:00,143.88999938964844,4.68000030517578,9.430369897679425,0
2023-01-25 00:00:00-05:00,144.42999267578125,4.498999023437498,12.152503529143011,0
2023-01-26 00:00:00-05:00,160.27000427246094,5.438000488281251,26.028156467803253,0
2023-01-27 00:00:00-05:00,177.89999389648438,8.467999267578126,33.33832734071509,0
2023-01-30 00:00:00-05:00,166.66000366210938,7.9010009765625,15.937393851902183,0
2023-01-31 00:00:00-05:00,173.22000122070312,6.397001647949219,20.38362774026443,0
2023-02-01 00:00:00-05:00,181.41000366210935,3.760000610351557,25.604107776520777,0
2023-02-02 00:00:00-05:00,188.27000427246097,3.5490020751953155,17.47051803430397,0
2023-02-03 00:00:00-05:00,189.97999572753903,6.168998718261716,6.790332909220731,0
2023-02-06 00:00:00-05:00,194.7599945068359,5.164997863769526,16.860668563104774,0
2023-02-07 00:00:00-05:00,196.80999755859375,3.728997802734375,13.618517591299483,0
2023-02-08 00:00:00-05:00,201.2899932861328,3.2869979858398413,10.958596120780385,0
2023-02-09 00:00:00-05:00,207.32000732421875,4.121002197265634,10.118448302677564,0
2023-02-10 00:00:00-05:00,196.88999938964844,1.4770019531250058,3.637226980476105,0
2023-02-13 00:00:00-05:00,194.63999938964844,-0.8739990234375,-0.061611789161997166,0
2023-02-14 00:00:00-05:00,209.25,0.32400054931640626,6.32081835055287,0
2023-02-15 00:00:00-05:00,214.2400054931641,2.619999694824225,6.433510178830848,0
2023-02-16 00:00:00-05:00,202.0399932861328,2.9899993896484407,-2.5467942560067347,0
2023-02-17 00:00:00-05:00,208.30999755859375,2.0129989624023437,5.800192089159872,0
2023-02-21 00:00:00-05:00,197.3699951171875,-2.9690017700195344,1.4025872051478538,0
2023-02-22 00:00:00-05:00,200.86000061035156,-3.143000793457037,-4.009557653356477,1
2023-02-23 00:00:00-05:00,202.07000732421875,-0.7389968872070313,-5.680544182647374,0
2023-02-24 00:00:00-05:00,196.8800048828125,-1.8159973144531252,-2.553944058002733,0
2023-02-27 00:00:00-05:00,207.6300048828125,1.654002380371094,-0.3264330487018463,0
2023-02-28 00:00:00-05:00,205.7100067138672,1.5260009765625,4.225572175612524,0
2023-03-01 00:00:00-05:00,202.77000427246097,1.022999572753912,0.9509129026712637,0
2023-03-02 00:00:00-05:00,190.8999938964844,-1.6820022583007728,-5.527793845136153,1
2023-03-03 00:00:00-05:00,197.7899932861328,-3.449003601074216,0.46220458185277646,0
2023-03-06 00:00:00-05:00,193.80999755859375,-2.878002929687503,-6.656074266346446,1
2023-03-07 00:00:00-05:00,187.7100067138672,-2.7209991455078213,-8.750182009880126,1
2023-03-08 00:00:00-05:00,182.0,-2.7879974365234435,-10.243134504525841,1
2023-03-09 00:00:00-05:00,172.9199981689453,-6.154998779296875,-9.418541803248438,1
2023-03-10 00:00:00-05:00,173.44000244140625,-5.552999877929688,-12.31103274749631,1
2023-03-13 00:00:00-04:00,174.47999572753906,-3.502001953125,-9.973686638745626,1
2023-03-14 00:00:00-04:00,183.2599945068359,0.4079986572265568,-2.3706845921190434,0
2023-03-15 00:00:00-04:00,180.4499969482422,2.487998962402341,-0.8516500284383555,0
2023-03-16 00:00:00-04:00,184.1300048828125,2.7350006103515625,6.482770548560168,0
2023-03-17 00:00:00-04:00,180.1300048828125,1.2170028686523466,3.857243050758341,0
2023-03-20 00:00:00-04:00,183.25,-0.033998107910150566,5.026366624948708,0
2023-03-21 00:00:00-04:00,197.5800018310547,3.33800048828125,7.814038935641587,0
2023-03-22 00:00:00-04:00,191.1499938964844,3.1489974975585997,5.929618802549075,0
2023-03-23 00:00:00-04:00,192.22000122070312,3.2079986572265655,4.393632826458349,0
2023-03-24 00:00:00-04:00,190.41000366210935,0.8960006713867131,5.706988564167714,0
2023-03-27 00:00:00-04:00,191.80999755859375,-1.2279998779296932,4.671212855985685,0
2023-03-28 00:00:00-04:00,189.19000244140625,-0.4329986572265682,-4.246380864406762,0
2023-03-29 00:00:00-04:00,193.8800048828125,0.21000061035156536,1.4282035435515095,0
2023-03-30 00:00:00-04:00,195.27999877929688,1.1809997558593808,1.5919246379986873,0
2023-03-31 00:00:00-04:00,207.4600067138672,3.73900146484375,8.954363071182847,0
2023-04-03 00:00:00-04:00,194.77000427246097,2.474000549316412,1.5431973054287784,0
2023-04-04 00:00:00-04:00,192.5800018310547,-0.31100006103515343,1.791849117766331,0
2023-04-05 00:00:00-04:00,185.52000427246097,-3.439999389648432,-4.311945739533374,1
2023-04-06 00:00:00-04:00,185.05999755859375,-5.405001831054688,-5.23351151402538,1
2023-04-10 00:00:00-04:00,184.5099945068359,-2.8040023803711054,-11.062378995622213,1
2023-04-11 00:00:00-04:00,186.7899932861328,-1.2590026855468808,-4.097145767458644,1
2023-04-12 00:00:00-04:00,180.5399932861328,-0.8230026245117245,-6.251951620337115,0
2023-04-13 00:00:00-04:00,185.8999938964844,-0.229000854492179,0.20482407032795802,0
2023-04-14 00:00:00-04:00,185.0,0.009001159667977278,-0.0324205983925574,0
2023-04-17 00:00:00-04:00,187.0399932861328,0.49600067138671877,1.3711987722178298,0
2023-04-18 00:00:00-04:00,184.30999755859375,0.8680007934570284,-1.3276919624597316,0
2023-04-19 00:00:00-04:00,180.58999633789065,-1.130999755859375,0.027696385076625418,0
2023-04-20 00:00:00-04:00,162.99000549316406,-5.046998596191404,-12.323824182628762,1
2023-04-21 00:00:00-04:00,165.0800018310547,-6.523997497558594,-10.767566577808275,1
2023-04-24 00:00:00-04:00,162.5500030517578,-5.902998352050784,-13.093451194103888,1
2023-04-25 00:00:00-04:00,160.6699981689453,-4.027999877929694,-12.826216538868474,1
2023-04-26 00:00:00-04:00,153.75,-2.28900146484375,-14.862393755007341,1
2023-04-27 00:00:00-04:00,160.19000244140625,-1.8580001831054689,-1.7178986179463895,0
2023-04-28 00:00:00-04:00,164.30999755859375,0.30399932861328127,-0.46644309663200767,0
2023-05-01 00:00:00-04:00,161.8300018310547,1.2880004882812501,-0.4429413763061385,0
2023-05-02 00:00:00-04:00,160.30999755859375,1.4759994506835938,-0.22406212389012303,0
2023-05-03 00:00:00-04:00,160.61000061035156,-0.3160003662109375,4.461789014862805,0
2023-05-04 00:00:00-04:00,161.1999969482422,-0.744000244140625,0.6304978409656714,0
2023-05-05 00:00:00-04:00,170.05999755859375,1.7349990844726564,3.4994827371654713,0
2023-05-08 00:00:00-04:00,171.7899932861328,3.2409988403320313,6.154601336207133,0
2023-05-09 00:00:00-04:00,169.14999389648438,2.766998291015625,5.514313812312044,0
2023-05-10 00:00:00-04:00,168.5399932861328,1.3769989013671875,4.937421484120308,0
2023-05-11 00:00:00-04:00,172.0800018310547,0.07900085449218751,6.7493828094214114,0
2023-05-12 00:00:00-04:00,167.97999572753906,-0.4689987182617188,-1.2230988244828267,0
2023-05-15 00:00:00-04:00,166.35000610351562,-0.615997314453125,-3.166649627581253,0
2023-05-16 00:00:00-04:00,166.52000427246094,-0.9769973754882812,-1.554826910388729,0
2023-05-17 00:00:00-04:00,173.86000061035156,0.2100006103515625,3.1565251786778603,0
2023-05-18 00:00:00-04:00,176.88999938964844,2.533000183105469,2.795210081015753,0
2023-05-19 00:00:00-04:00,180.13999938964844,3.7949981689453125,7.238959382897425,0
2023-05-22 00:00:00-04:00,188.8699951171875,5.097998046875,13.537714570120428,0
2023-05-23 00:00:00-04:00,185.77000427246097,3.580000305175787,11.560172655594613,0
2023-05-24 00:00:00-04:00,182.8999938964844,1.7649993896484462,5.199581993786451,0
2023-05-25 00:00:00-04:00,184.47000122070312,0.26900024414062784,4.285150012555361,0
2023-05-26 00:00:00-04:00,193.1699981689453,0.7300003051757784,7.233262364519377,0
2023-05-30 00:00:00-04:00,201.16000366210935,4.105000305175767,6.507125992827123,0
2023-05-31 00:00:00-04:00,203.92999267578125,5.874999999999992,9.77552241248043,0
2023-06-01 00:00:00-04:00,207.52000427246097,5.686000061035163,13.460913722015055,0
2023-06-02 00:00:00-04:00,213.97000122070312,4.796000671386724,15.991760071983574,0
2023-06-05 00:00:00-04:00,217.61000061035156,4.294000244140631,12.65206951031348,0
2023-06-06 00:00:00-04:00,221.30999755859375,4.48500061035156,10.016898752065329,0
2023-06-07 00:00:00-04:00,224.57000732421875,4.14400024414062,10.121127538729468,0
2023-06-08 00:00:00-04:00,234.86000061035156,4.874000549316406,13.174631734295295,0
2023-06-09 00:00:00-04:00,244.3999938964844,6.71299896240235,14.221616349103883,0
2023-06-12 00:00:00-04:00,249.8300018310547,7.686999511718753,14.806305376743989,0
2023-06-13 00:00:00-04:00,258.7099914550781,8.324996948242188,16.899369350262816,0
2023-06-14 00:00:00-04:00,256.7900085449219,5.817001342773435,14.347419588487664,0
2023-06-15 00:00:00-04:00,255.8999938964844,2.996000671386719,8.958525603105816,0
2023-06-16 00:00:00-04:00,260.5400085449219,1.8610015869140655,6.603934145462209,0
2023-06-20 00:00:00-04:00,274.45001220703125,3.523004150390625,9.854705277801523,0
2023-06-21 00:00:00-04:00,259.4599914550781,2.3889984130859347,0.2898998974804723,0
2023-06-22 00:00:00-04:00,264.6099853515625,1.6339965820312443,3.0452807922519476,0
2023-06-23 00:00:00-04:00,256.6000061035156,-1.772003173828125,0.2735491300223991,0
2023-06-26 00:00:00-04:00,241.0500030517578,-6.966000366210938,-7.480619042738546,1
2023-06-27 00:00:00-04:00,250.2100067138672,-4.205995178222657,-8.832211482970752,1
2023-06-28 00:00:00-04:00,256.239990234375,-2.312998962402344,-1.241039592518689,0
2023-06-29 00:00:00-04:00,257.5,1.6989974975585938,-2.6869678943204356,0
2023-06-30 00:00:00-04:00,261.7699890136719,4.872996520996094,2.0148023332745346,0
2023-07-03 00:00:00-04:00,279.82000732421875,6.4750000000000005,16.083801610297566,0
2023-07-05 00:00:00-04:00,282.4800109863281,7.4800048828125005,12.897167741721848,0
2023-07-06 00:00:00-04:00,276.5400085449219,5.87900390625,7.922267828678531,0
2023-07-07 00:00:00-04:00,274.42999267578125,2.2040008544921874,6.574754437196595,0
2023-07-10 00:00:00-04:00,269.6099853515625,-2.847006225585938,2.9949943335487283,0
2023-07-11 00:00:00-04:00,269.7900085449219,-3.2310028076171875,-3.5844466145251053,1
2023-07-12 00:00:00-04:00,271.989990234375,-1.3740020751953126,-3.7135444434901355,1
2023-07-13 00:00:00-04:00,277.8999938964844,0.9320007324218751,0.49178611034199626,0
2023-07-14 00:00:00-04:00,281.3800048828125,3.16500244140625,2.5325264703272232,0
2023-07-17 00:00:00-04:00,290.3800048828125,5.0570007324218755,7.703727851239117,0
2023-07-18 00:00:00-04:00,293.3399963378906,5.518002319335938,8.729006652241345,0
2023-07-19 00:00:00-04:00,291.260009765625,3.868002319335938,7.084826730073757,0
2023-07-20 00:00:00-04:00,262.8999938964844,-3.608001708984375,-5.3976251635282075,1
2023-07-21 00:00:00-04:00,260.0199890136719,-9.11600341796875,-7.591163372833309,1
2023-07-24 00:00:00-04:00,269.05999755859375,-7.980001831054688,-7.342105849479131,1
2023-07-25 00:00:00-04:00,265.2799987792969,-4.5800018310546875,-9.56569097596639,1
2023-07-26 00:00:00-04:00,264.3500061035156,0.8160034179687501,-9.239168701451216,0
2023-07-27 00:00:00-04:00,255.7100067138672,-1.3329956054687502,-2.7348753706887496,0
2023-07-28 00:00:00-04:00,266.44000244140625,-1.480998229980469,2.4690461114498463,0
2023-07-31 00:00:00-04:00,267.42999267578125,0.6389984130859375,-0.6058146501162875,0
2023-08-01 00:00:00-04:00,261.07000732421875,0.5159988403320312,-1.5869991987525145,0
2023-08-02 00:00:00-04:00,254.11000061035156,-0.857000732421875,-3.873654343383759,0
2023-08-03 00:00:00-04:00,259.32000732421875,-2.755998229980469,1.4117557059044161,0
2023-08-04 00:00:00-04:00,253.86000061035156,-2.888998413085938,-4.72151393025948,1
2023-08-07 00:00:00-04:00,251.4499969482422,-1.9490020751953125,-5.9753939966308955,1
2023-08-08 00:00:00-04:00,249.6999969482422,-1.6690017700195314,-4.355157642392959,1
2023-08-09 00:00:00-04:00,242.19000244140625,-3.842001342773438,-4.690881169695982,1
2023-08-10 00:00:00-04:00,245.33999633789065,-2.6300003051757757,-5.3910267590149274,1
2023-08-11 00:00:00-04:00,242.6499938964844,-2.1960006713867104,-4.4158223772611365,1
2023-08-14 00:00:00-04:00,239.7599945068359,-1.9420013427734404,-4.649036620912161,1
2023-08-15 00:00:00-04:00,232.9600067138672,-2.403999328613287,-6.70404102481622,1
2023-08-16 00:00:00-04:00,225.6000061035156,-4.916996765136734,-6.849992225382762,1
2023-08-17 00:00:00-04:00,219.22000122070312,-6.1019973754882875,-10.6464479934263,1
2023-08-18 00:00:00-04:00,215.4900054931641,-6.22799835205077,-11.19307194992426,1
2023-08-21 00:00:00-04:00,231.27999877929688,-1.347001647949213,-3.5368685025963575,1
2023-08-22 00:00:00-04:00,233.19000244140625,2.7239990234375058,0.0987275587700065,0
2023-08-23 00:00:00-04:00,236.86000061035156,5.297999572753904,4.991132181826874,0
2023-08-24 00:00:00-04:00,230.0399932861328,3.467997741699213,4.935677404059713,0
2023-08-25 00:00:00-04:00,238.58999633789065,1.146998596191412,10.719750455182652,0
2023-08-28 00:00:00-04:00,238.82000732421875,1.2990005493164092,3.260121318193643,0
2023-08-29 00:00:00-04:00,257.17999267578125,4.941999816894532,10.28774389262377,0
2023-08-30 00:00:00-04:00,256.8999938964844,7.230999755859372,8.460691224560012,0
2023-08-31 00:00:00-04:00,258.0799865722656,5.705996704101557,12.189181926838067,0
2023-09-01 00:00:00-04:00,245.0099945068359,1.3279968261718693,2.690807773790005,0
2023-09-05 00:00:00-04:00,256.489990234375,-1.3270004272460967,7.3988704330653965,0
2023-09-06 00:00:00-04:00,251.9199981689453,-1.154998779296875,-2.0452580514173424,0
2023-09-07 00:00:00-04:00,251.4900054931641,-0.6269958496093665,-2.1058733094015514,0
2023-09-08 00:00:00-04:00,248.5,0.1980026245117273,-3.7120222685625093,0
2023-09-11 00:00:00-04:00,273.5799865722656,3.075999450683594,11.660745563843754,0
2023-09-12 00:00:00-04:00,267.4800109863281,5.321000671386717,4.284775691211462,0
2023-09-13 00:00:00-04:00,271.29998779296875,5.8599975585937445,7.692914323946054,0
2023-09-14 00:00:00-04:00,276.0400085449219,5.280001831054688,9.76182055569803,0
2023-09-15 00:00:00-04:00,274.3900146484375,1.01800537109375,10.418516961141844,0
2023-09-18 00:00:00-04:00,265.2799987792969,-0.130999755859375,-3.033843190417851,0
2023-09-19 00:00:00-04:00,266.5,-2.03599853515625,-0.3663866255703918,0
2023-09-20 00:00:00-04:00,262.5899963378906,-3.47900390625,-3.2104651113087357,1
2023-09-21 00:00:00-04:00,255.6999969482422,-4.0070037841796875,-7.3685012922210635,1
2023-09-22 00:00:00-04:00,244.8800048828125,-5.159999084472656,-10.754768100229429,1
2023-09-25 00:00:00-04:00,246.9900054931641,-5.672998046874994,-6.894599430901449,1
2023-09-26 00:00:00-04:00,244.1199951171875,-4.564999389648435,-8.39775042507036,1
2023-09-27 00:00:00-04:00,240.5,-3.1160003662109377,-8.412352582337556,1
2023-09-28 00:00:00-04:00,246.3800048828125,-0.3490005493164091,-3.6448933033488506,0
2023-09-29 00:00:00-04:00,250.22000122070312,0.8720001220703069,2.1806583761079468,0
2023-10-02 00:00:00-04:00,251.6000061035156,2.468002319335932,1.866472532419583,0
2023-10-03 00:00:00-04:00,246.52999877929688,1.7279998779296848,0.987220920167764,0
2023-10-04 00:00:00-04:00,261.1600036621094,2.58699951171875,8.590438113143195,0
2023-10-05 00:00:00-04:00,260.04998779296875,2.921997070312503,5.548332916325016,0
2023-10-06 00:00:00-04:00,260.5299987792969,3.1379974365234435,4.120373075012473,0
2023-10-09 00:00:00-04:00,259.6700134277344,2.56500244140625,3.207475011307648,0
2023-10-10 00:00:00-04:00,263.6199951171875,0.4540008544921875,6.932217751394321,0
2023-10-11 00:00:00-04:00,262.989990234375,0.8970001220703125,0.7007147138170744,0
2023-10-12 00:00:00-04:00,258.8699951171875,-3.0517578125e-06,-0.45375609735489597,0
2023-10-13 00:00:00-04:00,251.1199951171875,-2.185003662109375,-3.611869537557888,1
2023-10-16 00:00:00-04:00,253.9199981689453,-3.1269989013671875,-2.2143547431167976,0
2023-10-17 00:00:00-04:00,254.8500061035156,-2.1229965209960997,-3.3267541067108164,1
2023-10-18 00:00:00-04:00,242.67999267578125,-2.8649993896484407,-7.722726458331596,1
2023-10-19 00:00:00-04:00,220.11000061035156,-7.325999450683594,-14.972764413770602,1
2023-10-20 00:00:00-04:00,211.9900054931641,-11.859999084472648,-15.582187951924354,1
2023-10-23 00:00:00-04:00,212.0800018310547,-11.622999572753898,-16.477629426435502,1
2023-10-24 00:00:00-04:00,216.52000427246097,-6.034997558593744,-15.040220095378631,1
2023-10-25 00:00:00-04:00,212.4199981689453,-1.0850006103515626,-12.46909321744668,1
2023-10-26 00:00:00-04:00,205.7599945068359,-1.2120025634765739,-6.5194702938185305,1
2023-10-27 00:00:00-04:00,207.3000030517578,-2.032000732421881,-2.212369602281794,0
2023-10-30 00:00:00-04:00,197.36000061035156,-4.344000244140631,-6.940777580919322,1
2023-10-31 00:00:00-04:00,200.83999633789065,-3.1559997558593667,-7.241828757235358,1
2023-11-01 00:00:00-04:00,205.66000366210935,-0.6659988403320285,-3.1823719824437102,0
2023-11-02 00:00:00-04:00,218.5099945068359,3.071998596191398,6.196539823282521,0
2023-11-03 00:00:00-04:00,219.9600067138672,6.287001037597651,6.1070928488836,0
2023-11-06 00:00:00-05:00,219.27000427246097,5.116001892089847,11.101542153603038,0
2023-11-07 00:00:00-05:00,222.17999267578125,3.3799987792968866,10.625371801933547,0
2023-11-08 00:00:00-05:00,222.11000061035156,0.9419998168945369,7.9986369032983395,0
2023-11-09 00:00:00-05:00,209.97999572753903,-1.7120025634765712,-3.9037110401053177,1
2023-11-10 00:00:00-05:00,214.6499938964844,-2.144001770019534,-2.414081039872973,0
2023-11-13 00:00:00-05:00,223.7100067138672,-0.43999786376952843,2.0249018811935526,0
2023-11-14 00:00:00-05:00,237.41000366210935,4.4330017089843725,6.854807583215949,0
2023-11-15 00:00:00-05:00,242.83999633789065,8.84800109863282,9.333211323476508,0
2023-11-16 00:00:00-05:00,233.58999633789065,5.700999450683597,11.243928512593616,0
2023-11-17 00:00:00-05:00,234.3000030517578,1.7359985351562557,9.154441981838435,0
2023-11-20 00:00:00-05:00,235.6000061035156,-1.215998840332034,5.314916200801045,0
2023-11-21 00:00:00-05:00,241.1999969482422,-0.12699890136719888,1.5963915705619947,0
2023-11-22 00:00:00-05:00,234.2100067138672,0.8140014648437444,-3.553776047671975,0
2023-11-24 00:00:00-05:00,235.4499969482422,0.09099884033203409,0.796267237258319,0
2023-11-27 00:00:00-05:00,236.0800018310547,-0.4790008544921818,0.7597092428990093,0
2023-11-28 00:00:00-05:00,246.72000122070312,1.2910003662109375,4.719861981795415,0
2023-11-29 00:00:00-05:00,244.13999938964844,3.1129989624023438,1.2189065002505384,0
2023-11-30 00:00:00-05:00,240.0800018310547,1.7320007324218751,2.506295610314746,0
2023-12-01 00:00:00-05:00,238.8300018310547,-0.11399993896484376,1.4355510412495498,0
2023-12-04 00:00:00-05:00,235.5800018310547,-2.7589996337890628,-0.211792611030992,0
2023-12-05 00:00:00-05:00,238.72000122070312,-1.5339996337890627,-3.242542137004778,1
2023-12-06 00:00:00-05:00,239.3699951171875,-0.15300140380859376,-1.9537987566093151,0
2023-12-07 00:00:00-05:00,242.63999938964844,1.1409988403320312,1.0663102045439077,0
2023-12-08 00:00:00-05:00,243.83999633789065,2.0439987182617245,2.097724100165599,0
2023-12-11 00:00:00-05:00,239.7400054931641,0.6510009765625085,1.7658560275811253,0
2023-12-12 00:00:00-05:00,237.0099945068359,-0.7619995117187529,-0.7163231841165518,0
2023-12-13 00:00:00-05:00,239.2899932861328,-1.3530014038085996,-0.033421829254542956,0
2023-12-14 00:00:00-05:00,251.0500030517578,1.397000122070304,3.4660417421960243,0
2023-12-15 00:00:00-05:00,253.5,4.155999755859372,3.9616157345751413,0
2023-12-18 00:00:00-05:00,252.0800018310547,4.435002136230475,5.14724120094443,0
2023-12-19 00:00:00-05:00,257.2200012207031,3.6890014648437504,8.527069398874776,0
2023-12-20 00:00:00-05:00,247.13999938964844,-0.41000061035156254,3.280540901737128,0
2023-12-21 00:00:00-05:00,254.5,-0.29400024414062503,1.3742270090834952,0
2023-12-22 00:00:00-05:00,252.5399932861328,-0.1800018310546875,-0.37870087332039226,0
2023-12-26 00:00:00-05:00,256.6099853515625,0.41799621582031254,1.7970420055549718,0
2023-12-27 00:00:00-05:00,261.44000244140625,3.0709991455078125,1.6406193922230194,0
2023-12-28 00:00:00-05:00,253.17999267578125,0.6259994506835938,2.4439561791088193,0
2023-12-29 00:00:00-05:00,248.47999572753903,-1.1549987792968808,-2.365424075623168,0
2024-01-02 00:00:00-05:00,248.4199981689453,-2.9339981079101594,-1.6314228346872017,0
2024-01-03 00:00:00-05:00,238.4499969482422,-5.074000549316406,-7.076882989740496,1
2024-01-04 00:00:00-05:00,237.92999267578125,-4.052999877929685,-8.992506711322434,1
2024-01-05 00:00:00-05:00,237.4900054931641,-3.246998596191395,-6.197167089229493,1
2024-01-08 00:00:00-05:00,240.4499969482422,-1.6899993896484347,-3.2316479867062764,1
2024-01-09 00:00:00-05:00,234.9600067138672,-0.44599761962890627,-5.4182398978701585,0
2024-01-10 00:00:00-05:00,233.94000244140625,-1.0509979248046903,-1.8913795615668971,0
2024-01-11 00:00:00-05:00,227.22000122070312,-2.705000305175787,-4.501320466004577,1
2024-01-12 00:00:00-05:00,218.88999938964844,-5.086000061035157,-7.831911100802524,1
2024-01-16 00:00:00-05:00,219.91000366210935,-4.51500091552735,-8.542313806123335,1
2024-01-17 00:00:00-05:00,215.5500030517578,-4.408999633789065,-8.260981914997457,1
2024-01-18 00:00:00-05:00,211.8800048828125,-3.401998901367188,-9.429767174649406,1
2024-01-19 00:00:00-05:00,212.19000244140625,-2.1429992675781224,-6.614734045660864,1
2024-01-22 00:00:00-05:00,208.8000030517578,-2.558000183105463,-4.6096196107750504,1
2024-01-23 00:00:00-05:00,209.13999938964844,-1.5900009155273438,-4.897459912287106,1
2024-01-24 00:00:00-05:00,207.8300018310547,-1.1150009155273437,-3.581536122200568,1
2024-01-25 00:00:00-05:00,182.6300048828125,-6.008999633789063,-13.804983635042733,1
2024-01-26 00:00:00-05:00,183.25,-7.761000061035157,-13.63872100873258,1
2024-01-29 00:00:00-05:00,190.92999267578125,-6.100001525878906,-8.558433963023893,1
2024-01-30 00:00:00-05:00,191.58999633789065,-2.418002319335932,-8.391509564394894,1
2024-01-31 00:00:00-05:00,187.2899932861328,1.765997314453128,-9.88308153969939,0
2024-02-01 00:00:00-05:00,188.86000061035156,0.7580001831054688,3.4112662547080674,0
2024-02-02 00:00:00-05:00,187.91000366210935,-0.8769973754882898,2.5429760775494303,0
2024-02-05 00:00:00-05:00,181.05999755859375,-2.043998718261727,-5.169431464834218,1
2024-02-06 00:00:00-05:00,185.1000061035156,-1.2179977416992245,-3.3874369008960237,1
2024-02-07 00:00:00-05:00,187.5800018310547,-0.53699951171875,0.15484465551707238,0
2024-02-08 00:00:00-05:00,189.55999755859375,0.9819992065429745,0.37064330508311816,0
2024-02-09 00:00:00-05:00,193.57000732421875,2.9480010986328153,3.012082141346206,0
2024-02-12 00:00:00-05:00,188.1300048828125,1.205000305175787,3.904787042720903,0
2024-02-13 00:00:00-05:00,184.02000427246097,-0.8549987792968694,-0.5834693654470535,0
2024-02-14 00:00:00-05:00,188.7100067138672,-1.124998474121091,0.6024122357298323,0
2024-02-15 00:00:00-05:00,200.4499969482422,1.4339981079101562,5.744882638691906,0
2024-02-16 00:00:00-05:00,199.9499969482422,4.0069976806640595,3.2959597988428735,0
2024-02-20 00:00:00-05:00,193.7599945068359,3.071997070312489,2.9926058990592086,0
2024-02-21 00:00:00-05:00,194.77000427246097,0.5429992675781279,5.841756195203374,0
2024-02-22 00:00:00-05:00,197.41000366210935,-1.1259979248046903,4.6102467482996845,0
2024-02-23 00:00:00-05:00,191.97000122070312,-1.230998229980469,-4.230479349784511,1
2024-02-26 00:00:00-05:00,199.3999938964844,0.8479995727539148,-0.27507029765054813,0
2024-02-27 00:00:00-05:00,199.72999572753903,1.1909973144531194,3.0811320138081966,0
2024-02-28 00:00:00-05:00,202.0399932861328,1.7019973754882842,3.7326019685772316,0
2024-02-29 00:00:00-05:00,201.8800048828125,2.246000671386716,2.264323558979364,0
2024-03-01 00:00:00-05:00,202.63999938964844,0.8630020141601534,5.558159140020158,0
2024-03-04 00:00:00-05:00,188.13999938964844,-2.257998657226557,-5.646938240470267,1
2024-03-05 00:00:00-05:00,180.7400054931641,-5.633998107910151,-9.507830892000857,1
2024-03-06 00:00:00-05:00,176.5399932861328,-7.258001708984373,-12.621263535624072,1
2024-03-07 00:00:00-05:00,178.64999389648438,-5.9580017089843755,-11.50684090770292,1
2024-03-08 00:00:00-05:00,175.33999633789062,-2.769001770019534,-13.472168937023987,1
2024-03-11 00:00:00-04:00,177.77000427246094,-0.7139999389648495,-5.511850298091403,0
2024-03-12 00:00:00-04:00,177.5399932861328,0.11200103759765626,-1.7705057595299833,0
2024-03-13 00:00:00-04:00,169.47999572753906,-1.6139999389648438,-3.9990924589823895,1
2024-03-14 00:00:00-04:00,162.5,-3.3970001220703128,-9.040019282531976,1
2024-03-15 00:00:00-04:00,163.57000732421875,-4.343998718261719,-6.712666396428113,1
2024-03-18 00:00:00-04:00,173.8000030517578,-1.3389968872070312,-2.233223336496337,0
2024-03-19 00:00:00-04:00,171.32000732421875,1.4980026245117188,-3.503428070930248,0
2024-03-20 00:00:00-04:00,175.66000366210938,3.407000732421875,3.6464527321002915,0
2024-03-21 00:00:00-04:00,172.82000732421875,2.0360000610351565,6.350773737980764,0
2024-03-22 00:00:00-04:00,170.8300018310547,-0.444000244140625,4.438463154461814,0
2024-03-25 00:00:00-04:00,172.6300048828125,-0.22100067138671875,-0.6731865065600084,0
2024-03-26 00:00:00-04:00,177.6699981689453,0.3829986572265625,3.706508623192728,0
2024-03-27 00:00:00-04:00,179.8300018310547,2.08599853515625,2.3739030411080497,0
2024-03-28 00:00:00-04:00,175.7899932861328,1.7119979858398438,1.7185428978383488,0
2024-04-01 00:00:00-04:00,175.22000122070312,0.32999877929687504,2.569805855291163,0
2024-04-02 00:00:00-04:00,166.6300048828125,-2.6689987182617188,-3.4756414471939667,1
2024-04-03 00:00:00-04:00,168.3800048828125,-3.205998229980469,-5.228791231988994,1
2024-04-04 00:00:00-04:00,171.11000061035156,-1.6199981689453127,-4.849024707732208,1
2024-04-05 00:00:00-04:00,164.89999389648438,-1.6160018920898438,-6.194891521454704,1
2024-04-08 00:00:00-04:00,172.97999572753906,0.9219970703125,-1.2783960036289455,0
2024-04-09 00:00:00-04:00,176.8800048828125,1.8869995117187501,6.151353117470415,0
2024-04-10 00:00:00-04:00,171.75999450683594,1.3279998779296875,2.007358074597887,0
2024-04-11 00:00:00-04:00,174.60000610351562,1.8180023193359376,2.0396268369558657,0
2024-04-12 00:00:00-04:00,171.0500030517578,-0.6139984130859375,3.7295387403920133,0
2024-04-15 00:00:00-04:00,161.47999572753906,-3.1510009765625,-6.648167582402797,1
2024-04-16 00:00:00-04:00,157.11000061035156,-4.241999816894531,-11.177071306369013,1
2024-04-17 00:00:00-04:00,155.4499969482422,-5.224002075195313,-9.495806986617373,1
2024-04-18 00:00:00-04:00,149.92999267578125,-4.827001953125,-14.129445913712157,1
2024-04-19 00:00:00-04:00,147.0500030517578,-3.6039993286132814,-14.030984841747053,1
2024-04-22 00:00:00-04:00,142.0500030517578,-3.8519989013671876,-12.032445621663857,1
2024-04-23 00:00:00-04:00,144.67999267578125,-2.9419998168945316,-7.911659274572836,1
2024-04-24 00:00:00-04:00,162.1300048828125,2.2030014038085937,4.297206861184089,0
2024-04-25 00:00:00-04:00,170.17999267578125,6.633998107910156,13.506303601168025,0
2024-04-26 00:00:00-04:00,168.2899932861328,7.7979980468750005,14.44405970321474,0
2024-04-29 00:00:00-04:00,194.0500030517578,10.490000915527345,36.60682779503575,0
2024-04-30 00:00:00-04:00,183.27999877929688,6.616999816894531,26.679574272591932,0
2024-05-01 00:00:00-04:00,179.99000549316406,3.461003112792969,11.015851521907226,0
2024-05-02 00:00:00-04:00,180.00999450683594,0.93800048828125,5.776238250158072,0
2024-05-03 00:00:00-04:00,181.19000244140625,-2.8990005493164066,7.665345338353169,0
2024-05-06 00:00:00-04:00,184.7599945068359,0.4159988403320256,-4.787430249328073,0
2024-05-07 00:00:00-04:00,177.80999755859375,0.03899841308593466,-2.984505269061044,0
2024-05-08 00:00:00-04:00,174.72000122070312,-1.3959991455078127,-2.9279427254982116,0
2024-05-09 00:00:00-04:00,171.97000122070312,-2.8479995727539036,-4.466414938881346,1
2024-05-10 00:00:00-04:00,168.47000122070312,-3.8419982910156194,-7.020255560080669,1
2024-05-13 00:00:00-04:00,171.88999938964844,-1.8089996337890626,-6.965791026104029,1
2024-05-14 00:00:00-04:00,177.5500030517578,0.5580001831054687,-0.14622040965399652,0
2024-05-15 00:00:00-04:00,173.99000549316406,1.3120010375976563,-0.4178089070735247,0
2024-05-16 00:00:00-04:00,174.83999633789062,1.4839996337890626,1.6688928864425634,0
2024-05-17 00:00:00-04:00,177.4600067138672,0.8430007934570313,5.3362648709112115,0
2024-05-20 00:00:00-04:00,174.9499969482422,-0.17300109863281252,1.7802068587231767,0
2024-05-21 00:00:00-04:00,186.6000061035156,2.533000183105463,5.097157361985283,0
2024-05-22 00:00:00-04:00,180.11000061035156,1.9680007934570285,3.5174406138104075,0
2024-05-23 00:00:00-04:00,173.74000549316406,-0.2279998779296875,-0.6291414251695326,0
2024-05-24 00:00:00-04:00,179.24000549316406,-0.4279983520507784,1.003042213430616,0
2024-05-28 00:00:00-04:00,176.75,-2.0570007324218693,1.028867152418611,0
2024-05-29 00:00:00-04:00,176.19000244140625,-0.48300018310546877,-5.578779915116638,0
2024-05-30 00:00:00-04:00,178.7899932861328,0.7049972534179688,-0.7328895229279597,0
2024-05-31 00:00:00-04:00,178.0800018310547,-0.028001403808593752,2.4979833087788172,0
2024-06-03 00:00:00-04:00,176.2899932861328,0.09699859619140626,-1.6458447425922174,0
2024-06-04 00:00:00-04:00,174.77000427246094,-0.5339996337890626,-1.120223891111205,0
2024-06-05 00:00:00-04:00,175.0,-1.0889984130859376,-0.6754086071381948,0
2024-06-06 00:00:00-04:00,177.94000244140625,-0.15699920654296876,-0.47541298542712607,0
2024-06-07 00:00:00-04:00,177.47999572753906,0.5550003051757812,-0.3369306476562417,0
2024-06-10 00:00:00-04:00,173.7899932861328,0.051997375488281254,-1.4181179279656009,0
2024-06-11 00:00:00-04:00,170.66000366210938,-1.283000183105469,-2.351662476327576,0
2024-06-12 00:00:00-04:00,177.2899932861328,-0.8120010375976563,1.3085675920758932,0
2024-06-13 00:00:00-04:00,182.47000122070312,1.3480010986328126,2.5458012347665093,0
2024-06-14 00:00:00-04:00,178.00999450683594,2.025,0.2986245165965018,0
2024-06-17 00:00:00-04:00,187.44000244140625,3.427999877929688,7.854312493585103,0
2024-06-18 00:00:00-04:00,184.86000061035156,2.0110015869140625,8.320635558145684,0
2024-06-20 00:00:00-04:00,181.57000732421875,0.5050018310546875,2.414131761615179,0
2024-06-21 00:00:00-04:00,183.0099945068359,0.41300048828124436,0.29593537705940864,0
2024-06-24 00:00:00-04:00,182.5800018310547,-1.1570007324218778,2.567275695322402,0
2024-06-25 00:00:00-04:00,187.3500061035156,0.5990005493164006,-0.04801341054121444,0
2024-06-26 00:00:00-04:00,196.3699951171875,3.393998718261719,6.226330449439277,0
2024-06-27 00:00:00-04:00,197.4199981689453,4.261000061035162,8.729410257953107,0
2024-06-28 00:00:00-04:00,197.8800048828125,4.066999816894534,8.125244971482237,0
2024-07-01 00:00:00-04:00,209.86000061035156,4.652999877929694,14.941394734205149,0
2024-07-02 00:00:00-04:00,231.2599945068359,8.222000122070307,23.437409646551565,0
2024-07-03 00:00:00-04:00,246.38999938964844,13.131999206542966,25.472325465308778,0
2024-07-05 00:00:00-04:00,251.52000427246097,14.380999755859381,27.403508563108538,0
2024-07-08 00:00:00-04:00,252.94000244140625,10.642001342773444,27.824942490374973,0
2024-07-09 00:00:00-04:00,262.3299865722656,6.868998718261725,25.002375778762833,0
2024-07-10 00:00:00-04:00,263.260009765625,4.455000305175779,13.837246397514381,0
2024-07-11 00:00:00-04:00,241.02999877929688,-1.0660003662109432,-2.175413216294997,0
2024-07-12 00:00:00-04:00,248.22999572753903,-3.0720001220703184,-1.3080504488851674,0
2024-07-15 00:00:00-04:00,252.63999938964844,-3.440998840332034,-0.11860640818460721,0
2024-07-16 00:00:00-04:00,256.55999755859375,-0.17900238037109376,-2.1995156135466765,0
2024-07-17 00:00:00-04:00,248.5,2.3270004272460967,-5.606628131164138,0
2024-07-18 00:00:00-04:00,249.22999572753903,-0.21399993896484376,3.4020648839444334,0
2024-07-19 00:00:00-04:00,239.1999969482422,-3.4210006713867216,-3.637754878426658,1
2024-07-22 00:00:00-04:00,251.5099945068359,-1.9400009155273494,-0.4472786912375293,0
2024-07-23 00:00:00-04:00,246.3800048828125,-0.1959991455078125,-3.9678799394501585,0
2024-07-24 00:00:00-04:00,215.9900054931641,-5.929997253417958,-13.08249275929011,1
2024-07-25 00:00:00-04:00,220.25,-7.34199829101562,-11.627812151158679,1
2024-07-26 00:00:00-04:00,219.8000030517578,-8.95499877929687,-8.110365444813162,1
2024-07-29 00:00:00-04:00,232.1000061035156,-2.4750000000000085,-7.717382540355766,1
2024-07-30 00:00:00-04:00,222.6199951171875,2.510998535156242,-9.643643678360236,0
2024-07-31 00:00:00-04:00,232.07000732421875,2.646000671386719,7.444789769017146,0
2024-08-01 00:00:00-04:00,216.86000061035156,-0.5910003662109347,-1.5391597682853253,0
2024-08-02 00:00:00-04:00,207.6699981689453,-5.462001037597651,-5.518655466058464,1
2024-08-05 00:00:00-04:00,198.8800048828125,-7.187998962402344,-14.312796358086743,1
2024-08-06 00:00:00-04:00,200.63999938964844,-8.084001159667968,-9.873325042509663,1
2024-08-07 00:00:00-04:00,191.7599945068359,-5.723001098632818,-17.369764099273198,1
2024-08-08 00:00:00-04:00,198.83999633789065,-2.478001403808591,-8.309510385383966,1
2024-08-09 00:00:00-04:00,200.0,0.043998718261721595,-3.6933588079995805,0
2024-08-12 00:00:00-04:00,197.4900054931641,0.19400177001953978,-0.698913593886652,0
2024-08-13 00:00:00-04:00,207.8300018310547,3.0790023803710995,3.5835339230853247,0
2024-08-14 00:00:00-04:00,201.3800048828125,1.291001892089838,5.016693080700763,0
2024-08-15 00:00:00-04:00,214.13999938964844,3.2169998168945284,7.6946305238098756,0
2024-08-16 00:00:00-04:00,216.1199951171875,4.356997680664057,8.059997558593746,0
2024-08-19 00:00:00-04:00,222.72000122070312,4.451998901367188,12.77532787775042,0
2024-08-20 00:00:00-04:00,221.1000061035156,4.802000427246089,6.385028222849232,0
2024-08-21 00:00:00-04:00,223.27000427246097,2.3240020751953154,10.869996453911469,0
2024-08-22 00:00:00-04:00,210.66000366210935,-1.0369979858398466,-1.6251030809087186,0
2024-08-23 00:00:00-04:00,220.32000732421875,-1.5239990234375,1.9433704895069237,0
2024-08-26 00:00:00-04:00,213.2100067138672,-1.8729995727539035,-4.269932855025472,1
2024-08-27 00:00:00-04:00,209.2100067138672,-2.556999206542972,-5.377656744198234,1
2024-08-28 00:00:00-04:00,205.75,-2.093000793457026,-7.847003151879262,1
2024-08-29 00:00:00-04:00,206.27999877929688,-3.554002380371094,-2.079182002596869,0
2024-08-30 00:00:00-04:00,214.11000061035156,-0.11300201416015626,-2.8186304046044497,0
2024-09-03 00:00:00-04:00,210.6000061035156,1.113999938964838,-1.2241454566690568,0
2024-09-04 00:00:00-04:00,219.41000366210935,3.1640014648437416,4.875482348314497,0
2024-09-05 00:00:00-04:00,230.1699981689453,5.308000183105467,11.868771892561503,0
2024-09-06 00:00:00-04:00,210.72999572753903,1.280998229980466,2.1572605073569395,0
2024-09-09 00:00:00-04:00,216.27000427246097,0.26599884033204263,1.0088289458465294,0
2024-09-10 00:00:00-04:00,226.1699981689453,-0.038000488281241473,7.393158411294931,0
2024-09-11 00:00:00-04:00,228.1300048828125,1.1360015869140654,3.9742951894444767,0
2024-09-12 00:00:00-04:00,229.80999755859375,5.002000427246097,-0.15640640101466374,0
2024-09-13 00:00:00-04:00,230.2899932861328,3.1679977416992133,9.282018675634408,0
2024-09-16 00:00:00-04:00,226.77999877929688,0.3379989624023438,4.859663522082891,0
2024-09-17 00:00:00-04:00,227.8699951171875,-0.3550018310546875,0.751645647966237,0
2024-09-18 00:00:00-04:00,227.1999969482422,-0.7639999389648438,-0.40766576717869984,0
2024-09-19 00:00:00-04:00,243.9199981689453,2.7680007934570314,6.139854993364247,0
2024-09-20 00:00:00-04:00,238.25,3.8990005493164066,3.4565143714155866,0
2024-09-23 00:00:00-04:00,250.0,5.531001281738281,10.238998741375305,0
2024-09-24 00:00:00-04:00,254.27000427246097,6.022001647949224,11.5855574322967,0
2024-09-25 00:00:00-04:00,257.0199890136719,4.221998596191409,13.124996683966895,0
2024-09-26 00:00:00-04:00,254.22000122070312,3.8959991455078127,4.222697248719953,0
2024-09-27 00:00:00-04:00,260.4599914550781,2.086997985839841,9.322137022068478,0
2024-09-30 00:00:00-04:00,261.6300048828125,1.8160003662109319,4.652001953125007,0
2024-10-01 00:00:00-04:00,258.0199890136719,0.9410003662109375,1.474804215283143,0
2024-10-02 00:00:00-04:00,249.02000427246097,-1.283999633789057,-3.1125924376198433,1
2024-10-03 00:00:00-04:00,240.66000366210935,-5.22099761962891,-5.333961723500091,1
2024-10-04 00:00:00-04:00,250.0800018310547,-4.045999145507816,-3.9852530002918662,1
2024-10-07 00:00:00-04:00,240.8300018310547,-3.3319976806640654,-7.9501596390193825,1
2024-10-08 00:00:00-04:00,244.5,-0.8870010375976591,-5.239899848594865,0
2024-10-09 00:00:00-04:00,241.0500030517578,-0.4800003051757756,-3.200546576162977,0
2024-10-10 00:00:00-04:00,238.77000427246097,-2.239999389648432,-0.7853400485699158,0
2024-10-11 00:00:00-04:00,217.8000030517578,-5.178999328613279,-12.90786889913097,1
2024-10-14 00:00:00-04:00,219.16000366210935,-7.392999267578131,-8.998047587171932,1
2024-10-15 00:00:00-04:00,219.57000732421875,-6.256999206542975,-10.196316022814422,1
2024-10-16 00:00:00-04:00,221.3300018310547,-3.311000061035162,-8.18087573990567,1
2024-10-17 00:00:00-04:00,220.88999938964844,0.8349990844726591,-7.488379847918258,0
2024-10-18 00:00:00-04:00,220.6999969482422,0.439997863769537,1.3314939650369118,0
2024-10-21 00:00:00-04:00,218.8500061035156,-0.2070007324218807,-0.14144805320942533,0
2024-10-22 00:00:00-04:00,217.97000122070312,-0.8759994506835966,-0.7286997541303686,0
2024-10-23 00:00:00-04:00,213.6499938964844,-1.7210006713867132,-3.4699353323245252,1
2024-10-24 00:00:00-04:00,260.4800109863281,7.4360015869140685,17.922953373205086,0
2024-10-25 00:00:00-04:00,269.19000244140625,14.319000244140632,21.971004152091478,0
2024-10-28 00:00:00-04:00,262.510009765625,14.46200256347656,19.94973837992873,0
2024-10-29 00:00:00-04:00,259.5199890136719,9.376998901367182,19.06225056671802,0
2024-10-30 00:00:00-04:00,257.54998779296875,-1.5530059814453125,20.547622349923557,0
2024-10-31 00:00:00-04:00,249.8500061035156,-4.3640014648437555,-4.080929220849294,1
2024-11-01 00:00:00-04:00,248.97999572753903,-3.673001098632821,-7.507710736124484,1
2024-11-04 00:00:00-05:00,242.83999633789065,-4.192997741699216,-7.493052720273862,1
2024-11-05 00:00:00-05:00,251.44000244140625,-1.9229980468749943,-3.113435155023825,1
2024-11-06 00:00:00-05:00,288.5299987792969,7.9819992065429775,12.028737120823063,0
2024-11-07 00:00:00-05:00,296.9100036621094,14.15500183105469,18.835299743437382,0
2024-11-08 00:00:00-05:00,321.2200012207031,20.223001098632807,29.014381369102814,0
2024-11-11 00:00:00-05:00,350.0,22.980999755859376,44.12782296084603,0
2024-11-12 00:00:00-05:00,328.489990234375,13.300997924804689,30.643488325181643,0
2024-11-13 00:00:00-05:00,330.239990234375,7.392996215820313,14.45603286713457,0
2024-11-14 00:00:00-05:00,311.17999267578125,-3.984002685546875,4.806166460430705,0
2024-11-15 00:00:00-05:00,320.7200012207031,-7.5869995117187505,-0.15565655877588513,0
2024-11-18 00:00:00-05:00,338.739990234375,1.0980010986328126,-3.217145647321429,0
2024-11-19 00:00:00-05:00,346.0,5.908001708984376,5.330454591061273,0
2024-11-20 00:00:00-05:00,342.0299987792969,8.698001098632814,3.570133507015427,0
2024-11-21 00:00:00-05:00,339.6400146484375,4.113003540039062,9.145839270684974,0
2024-11-22 00:00:00-05:00,352.55999755859375,2.1280029296875003,9.927661579166669,0
2024-11-25 00:00:00-05:00,338.5899963378906,-0.4290008544921875,-0.044279949462300294,0
2024-11-26 00:00:00-05:00,338.2300109863281,-0.8649993896484376,-2.2456615646450517,0
2024-11-27 00:00:00-05:00,332.8900146484375,-2.7829986572265626,-2.672275579183092,0
2024-11-29 00:00:00-05:00,345.1600036621094,-2.0499969482421876,1.6252469601927277,0
2024-12-02 00:00:00-05:00,357.0899963378906,4.3929992675781255,1.284887341350749,0
2024-12-03 00:00:00-05:00,351.4200134277344,5.0579986572265625,3.7892487163265764,0
2024-12-04 00:00:00-05:00,357.92999267578125,5.6339965820312505,5.824433388393024,0
2024-12-05 00:00:00-05:00,369.489990234375,4.9499969482421875,10.994615030610166,0
2024-12-06 00:00:00-05:00,389.2200012207031,8.232998657226563,12.765093606189026,0
2024-12-09 00:00:00-05:00,389.7900085449219,10.802999877929688,9.157358800969995,0
2024-12-10 00:00:00-05:00,400.989990234375,10.642001342773439,14.105621453695072,0
2024-12-11 00:00:00-05:00,424.7699890136719,12.232998657226563,18.674041769513106,0
2024-12-12 00:00:00-05:00,418.1000061035156,9.2739990234375,13.155976387426982,0
2024-12-13 00:00:00-05:00,436.2300109863281,10.999002075195314,12.078004629306927,0
2024-12-16 00:00:00-05:00,463.0199890136719,13.552001953125,18.787033752382733,0
2024-12-17 00:00:00-05:00,479.8599853515625,15.509997558593751,19.66881893263437,0
2024-12-18 00:00:00-05:00,440.1300048828125,8.768997192382812,3.616078411002399,0
2024-12-19 00:00:00-05:00,436.1700134277344,-2.3009979248046877,4.321934240714853,0
2024-12-20 00:00:00-05:00,421.05999755859375,-12.760995483398439,-3.477526315402868,1
2024-12-23 00:00:00-05:00,430.6000061035156,-11.758996582031251,-7.001853846357154,1
2024-12-24 00:00:00-05:00,462.2799987792969,3.8729980468750003,-3.6635658543993643,0
2024-12-26 00:00:00-05:00,454.1300048828125,7.713998413085938,3.1808783415544717,0
2024-12-27 00:00:00-05:00,431.6600036621094,4.473001098632813,-1.034002711507409,0
2024-12-30 00:00:00-05:00,417.4100036621094,-5.7,-0.8668583854196332,0
2024-12-31 00:00:00-05:00,403.8399963378906,-15.360000610351562,-6.214586480798134,1
