Date,Close,Volatility,MA_25,MA_100,Month_Growth_Rate,STOCH_%K,STOCH_%D,Vol_zscore,Ulcer_Index,Return_Entropy_50d,VIX,Growth_Since_Last_Bottom,Days_Since_Last_Bottom,Week_Growth_Rate,Target
2024-05-24,106.4206314086914,0.03326981165331263,106.4206314086914,106.4206314086914,0.0,99.82743289971985,99.82743289971985,0.7071067811865477,0.0,2.2718685126965625,11.930000305175781,0.0,0,0.0,0
2024-05-28,113.84925079345703,0.045861902731243354,110.13494110107422,110.13494110107422,0.06980431600933847,91.30578759989551,95.56661024980768,0.7071067811865477,0.046138442767192055,2.2718685126965625,12.920000076293945,0.06980431600933847,1,0.06980431600933847,0
2024-05-29,114.77283477783203,0.040610311053882166,111.68090565999348,111.68090565999348,0.07848293379378031,94.66058455795971,95.26460168585835,0.7071067811865477,0.04227080019311229,2.2538575896013517,14.279999732971191,0.07848293379378031,2,0.07848293379378031,0
2024-05-30,110.44979858398438,0.05369383469734128,111.37312889099121,111.37312889099121,0.03786077118655307,58.50690355873696,86.075177154078,0.7071067811865477,0.04116792109410232,2.2450352741261774,14.470000267028809,0.03786077118655307,3,0.03786077118655307,0
2024-05-31,109.58319854736328,0.05134198897616202,111.01514282226563,111.01514282226563,0.029717612992978232,51.74355316131442,79.2088523555253,-0.4190836826527515,0.042008882236039345,2.242973226438147,12.920000076293945,0.029717612992978232,4,0.029717612992978232,1
2024-06-03,114.94775390625,0.02637718018668683,111.67057800292969,111.67057800292969,0.08012659185239697,93.61104229734998,81.6092173458294,-0.6498045837790436,0.03938259820934824,2.2459520807289133,13.109999656677246,0.08012659185239697,5,0.08012659185239697,0
2024-06-04,116.38410949707031,0.022079921788752583,112.34393964494977,112.34393964494977,0.09362355735436076,98.80145657954922,84.06525152207509,-1.1202352762652599,0.044978912274473946,2.220025327834538,13.15999984741211,0.09362355735436076,6,0.02226504510084102,0
2024-06-05,122.3843765258789,0.042079521891027045,113.59899425506592,113.59899425506592,0.15000611165217853,99.95375054144327,86.05131389949612,-1.0265046110554414,0.08084912754452424,2.20082764903455,12.630000114440918,0.15000611165217853,7,0.06631832142841712,0
2024-06-06,120.94304656982422,0.05858214961001505,114.41500006781683,114.41500006781683,0.13646240366082588,79.68302815356398,85.34372659439254,-1.0056087015854016,0.0763263103671825,2.1870329067710106,12.579999923706055,0.13646240366082588,8,0.09500468194933769,0
2024-06-07,120.83309173583984,0.030642049526664845,115.05680923461914,115.05680923461914,0.1354291939107154,79.19600138254326,84.72895407320762,-1.1190319607511479,0.07252035543579727,2.2051551011994586,12.220000267028809,0.1354291939107154,9,0.102660748523545,0
2024-06-10,121.73468017578125,0.05059397024948189,115.66388841108842,115.66388841108842,0.14390112673057437,83.18943842194325,84.58899810491086,-1.213946766800032,0.06916396942714902,2.180945560561596,12.739999771118164,0.14390112673057437,10,0.059043574483991966,0
2024-06-11,120.8650131225586,0.03391644080370974,116.09731547037761,116.09731547037761,0.13572914878127204,79.33739189114377,84.1513642537636,-1.1948699267508354,0.06631636658441363,2.161423635898512,12.850000381469727,0.13572914878127204,11,0.03850099162893949,0
2024-06-12,125.15339660644531,0.03502354659597311,116.79393709622897,116.79393709622897,0.17602569116333955,92.96731355768797,84.82951420021934,-1.1576520578348177,0.07991043037309103,2.1850711261109064,12.039999961853027,0.17602569116333955,12,0.022625601070745172,0
2024-06-13,129.561767578125,0.020403426865304195,117.70592498779297,117.70592498779297,0.13801159581781783,99.29125966415846,85.86249601907211,-1.13899954910923,0.10336829042098716,2.18588935921926,11.9399995803833,0.21744971687457634,13,0.07126264181980006,0
2024-06-14,131.8309326171875,0.034779845953867294,118.64759216308593,118.64759216308593,0.1486248716638842,96.78378313122404,86.59058182654891,-1.180935261985333,0.10516096576565108,2.210253577620973,12.65999984741211,0.2387723214205702,14,0.09101679617195153,0
2024-06-17,130.93125915527344,0.03120530660251525,119.41532135009766,119.41532135009766,0.185436830432201,91.05355536946368,86.86951767298109,-1.1383790355402021,0.09865717479573465,2.1897070975426693,12.75,0.23031838302530727,15,0.07554608897162748,0
2024-06-18,135.529541015625,0.04300746847566058,120.36321662454044,120.36321662454044,0.23677299816218975,97.7503462863888,87.50956641494625,-1.1121632358327183,0.11289223318703112,2.18199812411327,12.300000190734863,0.27352693948173906,16,0.1213298001978157,0
2024-06-20,130.73133850097656,0.08040050063671071,120.93922339545355,120.93922339545355,0.1373109439580652,73.57585243283584,86.73547119371788,-0.826695422175434,0.10192261845939565,2.1888701524303307,13.279999732971191,0.2284397937738574,17,0.0445688414839553,0
2024-06-21,126.52288818359375,0.04979548217658357,121.2331004895662,121.2331004895662,0.08711480227271624,62.42894341494498,85.456180257993,-0.6668832473441427,0.08992080238650958,2.1844387299975896,13.199999809265137,0.18889435731407045,18,-0.023455062796197367,0
2024-06-24,118.0660400390625,0.05209346218945928,121.07474746704102,121.07474746704102,-0.035285030731870164,40.02931653665192,83.18483707192595,-0.1180452088762493,0.08731787307620467,2.165888619704715,13.329999923706055,0.1094281106606929,19,-0.10441322309458044,1
2024-06-25,126.0430679321289,0.059240928102019315,121.31133415585472,121.31133415585472,0.042168785283247225,61.158045035575185,81.25136767871871,0.12895460498570369,0.08092573739060066,2.176185661560307,12.84000015258789,0.18438564274328229,20,-0.03733402744830819,0
2024-06-26,126.35296630859375,0.0437643444324806,121.5404992537065,121.5404992537065,0.04568181193957381,61.978871883162626,79.78502189288207,-0.28974077756731353,0.0787685952402759,2.1677819231707462,12.550000190734863,0.18729765681764657,21,-0.06770903699860753,0
2024-06-27,123.94385528564453,0.028122526479255606,121.64499299422555,121.64499299422555,0.018147458938350996,55.59786715182645,77.8318860225754,-0.21706958947632074,0.07680548356887937,2.1957778377414052,12.239999771118164,0.1646600254574509,22,-0.05191932778444955,0
2024-06-28,123.49402618408203,0.03981376634749942,121.7220360438029,121.7220360438029,0.02175164668089339,54.40640623615261,77.62686115644618,-0.4205356355535579,0.0749831417274117,2.178038703591173,12.4399995803833,0.16043312795075407,23,-0.02393924168974568,0
2024-07-01,124.25375366210938,0.04867574671918115,121.82330474853515,121.82330474853515,-0.007188322240785325,56.4186939994139,77.86061819835116,-0.4352148056656095,0.07332722335445363,2.167159360996074,12.220000267028809,0.16757203953181518,24,0.0524089197960705,0
2024-07-02,122.62434387207031,0.019648352487231197,122.47145324707031,121.85411394559421,-0.05354529994252711,52.10288145259467,75.7852101561134,-0.6249380814981491,0.0720296003596069,2.1804228595474875,12.029999732971191,0.15226100661958245,25,-0.02712345959318836,0
2024-07-03,128.2322540283203,0.05687981226898916,123.04677337646484,122.09034135606554,-0.027297679819326473,66.9565353104118,74.19296409265652,-0.39651512251988685,0.07054547400021975,2.1843044204993696,12.09000015258789,0.2049567112213877,26,0.01487331698360567,0
2024-07-05,125.78316497802734,0.024886213429830942,123.48718658447265,122.22222791399274,-0.03931906108945984,60.469640904751834,72.21875861082195,-0.6236738860547596,0.07216346076150483,2.1887270146734705,12.479999542236328,0.18194341936364974,27,0.014839861872489661,0
2024-07-08,128.1522674560547,0.029257223464065892,124.19528533935546,122.42671203613281,-0.05443295612371179,66.74467512995174,71.57184095964134,-0.6001970220384519,0.07325304024415781,2.20257021946843,12.369999885559082,0.2042051034625646,28,0.03772037738108087,0
2024-07-09,131.33111572265625,0.0396625484131445,125.06520202636719,122.72352549235026,0.00458786109403452,75.16448045903637,71.370264913466,-0.5297084666090053,0.07315961811284712,2.2076655869430426,12.510000228881836,0.23407570491007626,29,0.05695893968557897,0
2024-07-10,134.85980224609375,0.0199955827723568,125.86168395996094,123.11501829085812,0.0658925367748683,84.51090127026666,71.43633805588216,-0.4535178783513142,0.06902044066486585,2.2068304934647243,12.850000381469727,0.26723362247482124,30,0.09978001094781198,0
2024-07-11,127.35258483886719,0.06703492334973529,126.3004229736328,123.2474422454834,0.07865551175200089,64.62655831622601,70.70079637713629,0.026263656026775994,0.07013005107683555,2.22109643424448,12.920000076293945,0.19669074645676518,31,-0.006859968235907703,0
2024-07-12,129.19192504882812,0.036644294008539725,126.57272491455078,123.427578088009,0.024982390292140468,69.49841290096384,69.52735134430007,-0.1001443589293285,0.06907546582751135,2.212376400214992,12.460000038146973,0.21397442712670262,32,0.027100288591054667,0
2024-07-15,128.39218139648438,0.032245704374981,126.87069030761718,123.57359583237591,0.01613903612607099,67.3801344236132,67.93179508227281,-0.2537174540082848,0.06187126403480377,2.2012820587418584,13.119999885559082,0.20645949659342602,33,0.0018721006283556984,0
2024-07-16,126.3129653930664,0.03472431773825889,127.08988525390625,123.65186353410994,0.019114381281443573,61.87292158497948,66.18625200496058,-0.2635602512181146,0.06172234549754701,2.202860348313392,13.1899995803833,0.18692178124730038,34,-0.038209911657090645,0
2024-07-17,117.94608306884766,0.042274390753387514,126.9383413696289,123.49336963229709,-0.04492478937373479,39.711586889821184,63.619153580978455,0.2966430449485244,0.0681833321010182,2.2104885087683317,14.479999542236328,0.1083009140952622,35,-0.12541705456739244,1
2024-07-18,121.04493713378906,0.047927813216390655,126.94553833007812,123.42719578098607,-0.025824704958582082,47.91951183049265,61.12761185818365,0.20623447187714064,0.07021775740683188,2.2083979965263274,15.930000305175781,0.1374198360930161,36,-0.04952901201855364,0
2024-07-19,117.88611602783203,0.035147451443039636,126.65484710693359,123.28137789274517,-0.038640189171421854,39.55275237833549,59.426456855458625,0.13538456949463099,0.07452985104563914,2.211143165199883,16.520000457763672,0.10773742334894881,37,-0.08751173122254398,0
2024-07-22,123.49402618408203,0.03498129736476841,126.41213745117187,123.28683041303586,-0.03695035917556152,54.40640623615261,59.025329996519005,0.3638383618624655,0.0749683765353441,2.2142172477064497,14.90999984741211,0.16043312795075407,38,-0.038149949312540184,0
2024-07-23,122.54436492919922,0.02109467334285298,126.04067474365235,123.26826877593994,-0.02574907420554969,51.89104148008774,59.618416243690795,-0.30643805150462117,0.07501979190068701,2.2045813287992706,14.720000267028809,0.151509470551694,39,-0.029835420711879307,0
2024-07-24,114.20747375488281,0.05462779732199744,125.37172332763672,123.04727377542635,-0.10881425649338394,29.809144248625397,58.05097120434332,-0.3349679359269797,0.084442738809756,2.2044614704390604,18.040000915527344,0.07317042046374715,40,-0.031697613152465075,0
2024-07-25,112.23820495605469,0.09138352899854951,124.4400698852539,122.78991499401275,-0.1453799479395407,24.59314822233523,56.18168502130194,-0.31469745185742404,0.0938979098130163,2.2014552214013228,18.459999084472656,0.054665843176797374,41,-0.07275589038474556,0
2024-07-26,113.0179214477539,0.03976241518298725,123.731533203125,122.56265933014626,-0.16195990528358126,26.65838082275841,54.73471070484853,-0.32168626214233315,0.10253664043591151,2.196185021129031,16.389999389648438,0.061992585006629616,42,-0.04129574155220094,0
2024-07-29,111.5484619140625,0.04380328631011907,123.13255615234375,122.3123366615989,-0.12409738636087245,22.766228012999935,53.152701793690916,-0.3053170992704517,0.11224567194704373,2.191476563409176,16.600000381469727,0.04818455253923914,43,-0.09672989568105339,0
2024-07-30,103.69139862060547,0.0847381387437455,122.55757049560548,121.89853803846572,-0.197384832051885,3.113559011619756,50.4874450443012,0.31888329016375183,0.09580540354385961,2.206817155020772,17.690000534057617,0.0,0,-0.15384604848608233,1
2024-07-31,116.9764404296875,0.06607616460273184,122.19490539550782,121.79153591653575,-0.08891305407098146,37.88589233133683,49.77659558823831,2.452935456685315,0.09900902759219869,2.0960795048979217,16.360000610351562,0.12812096264310624,1,0.024245056682959013,0
2024-08-01,109.16935729980469,0.11358807319129538,121.50756103515624,121.5229789246904,-0.1357232651447416,17.45159481475391,47.30134856345542,2.402547683310512,0.10257440102595938,2.096963000620523,18.59000015258789,0.05282944151657574,2,-0.02734227313642057,0
2024-08-02,107.23007202148438,0.07083652971085146,120.83900970458984,121.22521003087361,-0.09085516677233034,14.978402625570808,45.026786649496366,2.235021078555954,0.09895543513649446,2.0914618576532598,23.389999389648438,0.034126971455236056,3,-0.05121178439779701,0
2024-08-05,100.41261291503906,0.13817077512528916,119.91575317382812,120.80046315095862,-0.17045177359169858,19.492697487251146,42.66418776736133,2.2790060990171392,0.09609455493457285,2.0905333955397807,38.56999969482422,0.0,0,-0.09982969561339673,1
2024-08-06,104.21119689941406,0.06895219843244732,119.11405090332032,120.46867782592773,-0.11600109995302095,27.082068113012635,40.26006715006015,2.2231909232862934,0.10407447381152082,2.092358259187009,27.709999084472656,0.03782974941194938,1,0.005012935361306814,0
2024-08-07,98.8731918334961,0.09377609534641601,118.16400482177734,120.04523692411534,-0.19936862625148974,16.41701528962231,36.85537285102792,2.0942484084668425,0.11680126607144446,2.0899268828722475,27.850000381469727,0.0,0,-0.15475978350591849,1
2024-08-08,104.9309310913086,0.0782353270287607,117.23195190429688,119.75457719656137,-0.14373107933658882,28.520059100388234,35.05004789023604,2.2154906803558174,0.1229193167398098,2.0713315869293965,23.790000915527344,0.06126776273202368,1,-0.038824321341897984,0
2024-08-09,104.71101379394531,0.030007555729462957,116.3890658569336,119.47073637764409,-0.08315095018491721,28.080675929298398,32.97916104165277,2.0610600346236465,0.12340589682704407,2.0713315869293965,20.3700008392334,0.05904352688724965,2,-0.02349208743452443,0
2024-08-12,108.97942352294922,0.04524075971030983,115.62215209960938,119.27645280626085,-0.02903451132688196,36.608733634292605,31.44059100218674,2.1125924032312082,0.08943284199581711,2.0585845750697924,20.709999084472656,0.10221407342115715,3,0.08531608091065901,0
2024-08-13,116.09677124023438,0.04135540221374563,115.0127783203125,119.21864041415128,0.027242137822396283,50.82881930860793,30.888385888368163,2.2886301041514674,0.08923143790066981,2.0722861516755615,18.1200008392334,0.17419867900839128,4,0.1140527572319548,0
2024-08-14,118.03605651855469,0.03821816270943986,114.33982849121094,119.19752284458706,0.05815942679236818,54.703409099644894,31.637976998859347,1.9375801134498334,0.09535523765578359,2.065017458185737,16.190000534057617,0.19381254240612703,5,0.19381254240612703,0
2024-08-15,122.81427764892578,0.04858535314311967,114.15829620361328,119.26097468325966,0.1844210733263292,64.25004311889981,32.45450356327971,1.9081610655922523,0.12470109512195474,2.065017458185737,15.229999542236328,0.24213930360159533,6,0.17042969476803263,0
2024-08-16,124.53363037109375,0.031326878943272005,113.97196441650391,119.35188253994646,0.06460437600636981,67.68521925259049,33.86112690699245,1.7906713943753643,0.1325683035332741,2.054392845770798,14.800000190734863,0.25952877682769876,7,0.18930784698691014,0
2024-08-19,129.9516143798828,0.0529449782401416,114.03434173583985,119.53153901180978,0.1903671285982308,78.51006578916501,35.066309884643076,1.707532201736347,0.15574346241226086,2.054392845770798,14.649999618530273,0.3143260773731593,8,0.1924417489005822,0
2024-08-20,127.20264434814453,0.031074810613938,114.06992889404297,119.65939076741536,0.18625905914395446,73.017768528978,36.12264623708759,1.6779630955287186,0.15354445286232035,2.0575795468167883,15.880000114440918,0.28652309073176935,9,0.09566048210702793,0
2024-08-21,128.45217895507812,0.021127886018331522,114.49017272949219,119.80353483606558,0.2792434657961132,75.51427282656418,38.40790266598452,1.3233470010726482,0.1475079520082389,2.059249002432241,16.270000457763672,0.29916083999182996,10,0.08824525948887554,0
2024-08-22,123.69395446777344,0.05883711178664544,114.59613342285157,119.8662835398028,0.18695455141124973,66.00759104638738,40.47862480718713,1.3708688814549608,0.14050112966008102,2.0759404883562285,17.549999237060547,0.2510363241441206,11,0.007162659225682874,0
2024-08-23,129.32183837890625,0.0348006106910208,115.05356231689453,120.01637171185206,0.3079565449519029,77.2518065266921,43.008296092383816,1.4226249881080941,0.12669497777214897,2.0759404883562285,15.859999656677246,0.3079565449519029,12,0.03844911606241843,0
2024-08-26,126.41293334960938,0.053175822881705304,115.17031860351562,120.11631798744202,0.2047251657340924,71.43996756952134,45.441983070209886,1.415340733907747,0.11533481865248285,2.074271032740776,16.149999618530273,0.27853598134558666,13,-0.02723075851854322,0
2024-08-27,128.25225830078125,0.042542979328215415,115.39863433837891,120.24148629995493,0.22482109239398043,75.11484189455244,49.04204721435652,1.0143656832500785,0.09606773970374038,2.074271032740776,15.430000305175781,0.2971388494948149,14,0.00825151047775391,0
2024-08-28,125.5632553100586,0.04441150997704752,115.85286560058594,120.32211916374438,0.15217397239779948,69.74235562221507,50.63487037890043,0.09436390914540707,0.08162433484430943,2.0692286505059987,17.110000610351562,0.2699423674064145,15,-0.022490265782333176,0
2024-08-29,117.54623413085938,0.06361240261929123,116.06518676757813,120.28068804385057,0.012484954362991584,53.72476978133407,52.448529127229435,0.06353799401669903,0.06796152551091582,2.0673729693172125,15.649999618530273,0.18885849592889606,16,-0.04970105744752268,0
2024-08-30,119.32557678222656,0.03789842571370875,116.31749298095703,120.26664229000316,0.010924799605357612,63.08844483324274,54.854031237613036,0.03007885857245874,0.05688583299886561,2.0490120277777724,15.0,0.20685470519827645,17,-0.07729755254012985,0
2024-09-03,107.95980072021484,0.07688990608301664,116.17394653320312,120.08828226725261,-0.12095073319710939,38.077423120383386,55.78326751926966,0.4240763731958584,0.06685602185689081,2.039406159556271,20.719999313354492,0.09190164409803551,18,-0.14597503705068127,0
2024-09-04,106.17046356201172,0.08680384762924952,116.27310913085938,119.88945628574916,-0.1474554845495327,34.13988728725848,56.13615847798195,0.3626557874067872,0.07912816499248643,2.0323541484228533,21.31999969482422,0.0738043507364902,19,-0.1721747050019393,0
2024-09-05,107.17009735107422,0.04657585950228782,115.88085540771485,119.71031038526078,-0.17530768769222224,36.33963698026139,57.13228956251389,0.1424570399244761,0.09077994460851367,2.0124759614528753,19.899999618530273,0.08391461187528199,20,-0.14648519515972552,0
2024-09-06,102.79173278808594,0.066642026255314,115.62575042724609,119.47533014085558,-0.19190569256758278,26.704802495203683,57.04152673225467,0.016733581587444847,0.10600428183336014,2.038017449649367,22.3799991607666,0.03963198600070203,21,-0.12552083400943206,1
2024-09-09,106.43037414550781,0.02726926664043521,115.59376251220704,119.29663211352205,-0.17143971389750973,34.71183496700822,57.37308468414015,0.11006202912526289,0.11338531912341548,2.0490139348471677,19.450000762939453,0.07643307727678221,22,-0.10806738156609086,0
2024-09-10,108.05976104736328,0.041276362845831416,115.8996484375,119.1447825045199,-0.12639415958266098,38.297391374121055,57.45751757113159,0.0008846157575864819,0.12152308415842004,2.0490139348471677,19.079999923706055,0.09291263934654305,23,0.0009259032202874427,0
2024-09-11,116.86648559570312,0.08931350513733959,116.40585998535157,119.11440521240235,-0.09631283423848021,57.67707804891842,57.79993050814711,0.18593190312522326,0.12420633158896877,2.0673748763866073,17.690000534057617,0.18198354304681497,24,0.10074385732943614,0
2024-09-12,119.10585021972656,0.04630266887773723,117.21516632080078,119.11429264670925,-0.05780328749807776,62.60492432433992,58.195006269381864,0.19102586959759085,0.12544993059159068,2.0750910781370466,17.06999969482422,0.20463239843923076,25,0.11137204466235101,0
2024-09-13,119.06585693359375,0.019818614159074554,117.78056335449219,119.11366361147398,-0.07162759930233167,62.516916876156984,58.10834995724472,0.061680645946488456,0.12112687257632498,2.067088030756667,16.559999465942383,0.20422790774371277,26,0.1583213328941378,0
2024-09-16,116.74652099609375,0.0327082769490445,118.26198364257813,119.08331562922551,-0.07021747160180988,57.41308928218272,57.594743458724324,0.06744764779404025,0.12341758211750109,2.067088030756667,17.139999389648438,0.18077022528711933,27,0.09692859706085473,0
2024-09-17,115.5568618774414,0.03359567810966113,118.52508117675781,119.03867697413963,-0.016924168333655697,54.79517829351167,56.40899908394167,-0.11444059994328346,0.10969193431219712,2.059371829006228,17.610000610351562,0.1687380546188987,28,0.06937920977626535,0
2024-09-18,113.33749389648438,0.038657310821758675,118.41471008300782,118.96741218566895,-0.05018272735166118,49.911335742181635,55.25367744460184,-0.11869611030093662,0.0736949784306201,2.048375343808427,18.229999542236328,0.1462914445742419,29,-0.030196781234846183,1
2024-09-19,117.83621215820312,0.020536887034053524,118.40671630859374,118.95344675323109,0.09148230519231572,59.811015228209556,54.46851456468411,0.028055648089198505,0.07366271034509796,2.048375343808427,16.329999923706055,0.1917913235434033,30,-0.010659745589164665,0
2024-09-20,115.96675109863281,0.02759271676318663,118.13281524658203,118.91702363549209,0.09226942416898565,61.41138672514459,54.238704348621965,-0.05576658875153521,0.0727373281816661,2.0383557158631596,16.149999618530273,0.17288365984909765,31,-0.026028501492996372,0
2024-09-23,116.22667694091797,0.01827539423119602,117.800537109375,118.88460981989482,0.08450659105193928,62.85002706843416,53.518615375709075,-0.2622447889101483,0.06860705844697006,2.0383557158631596,15.890000343322754,0.17551254071624792,32,-0.004452758426892865,0
2024-09-24,120.83535766601562,0.05509788863113445,117.43588684082032,118.90783300853911,0.17553575942851535,74.41545459290258,53.66738972687814,-0.13246889080752078,0.07199820395168677,2.050464136684024,15.390000343322754,0.22212457618951092,33,0.04567877409281454,0
2024-09-25,123.47459411621094,0.02729062385401991,117.28676483154297,118.96155960980583,0.16014432071243942,80.92326745550713,53.95781100492587,-0.10669599969625182,0.08088610754338231,2.0638497395823685,15.40999984741211,0.24881772122967333,34,0.08944171845713457,0
2024-09-26,124.00444030761719,0.046293335772172275,117.10885528564454,119.02019775745481,0.14755427094888032,82.2297589066162,54.582181169145926,-0.1408671671724379,0.07062231091272625,2.0567185644719945,15.369999885559082,0.2541765670561388,35,0.05234577755378624,0
2024-09-27,121.36520385742188,0.03847702344194067,117.01570526123047,119.04715185055788,0.038494511397236336,75.72194604401164,55.68203998227981,-0.4826498960574709,0.05987678862539766,2.04333296157365,16.959999084472656,0.22748342201597638,36,0.04655172890199825,0
2024-09-30,121.40518951416016,0.028315430168629578,116.69903930664063,119.0739477330988,0.01930500718639572,75.82054242828855,56.3186448620321,-0.49586557731952446,0.04935250165330147,2.0458077707799096,16.729999542236328,0.22788783554806522,37,0.04455528377426298,0
2024-10-01,116.96646118164062,0.05461116620846649,116.32118041992187,119.05026810892512,-0.01763222309082288,64.87555364797664,57.658551388411766,-1.3377438647031585,0.04928575988366227,2.0585547826395136,19.260000228881836,0.18299469262218077,38,-0.03201791726448548,1
2024-10-02,118.81592559814453,0.03641358446297817,115.9437271118164,119.04766430324979,0.01772562115251402,69.43595153038801,59.42335460056823,-1.3583076561276863,0.04942338311218446,2.0585547826395136,18.899999618530273,0.20170011096872745,39,-0.03772977389730712,0
2024-10-03,122.81478118896484,0.03324515657736222,115.83378814697265,119.0890611921038,0.06280820709047225,79.29630483359914,61.571187993235114,-1.2549645380772125,0.04833168943068532,2.0585547826395136,20.489999771118164,0.24214439638791815,40,-0.009593681610925886,0
2024-10-04,124.88418579101562,0.025692324489733017,116.1273062133789,119.15205167687458,0.10187883548119832,84.39902986081773,64.45589936151582,-1.513373459098829,0.05117903479742646,2.067076458631055,19.209999084472656,0.26307428206952627,41,0.028994982266315805,0
2024-10-07,127.68338775634766,0.04552366220221848,116.46161865234374,119.24378647342805,0.08356663387078353,91.301284698071,67.28537184806896,-1.545575519485688,0.06464463763847486,2.0747926603814943,22.639999389648438,0.2913853127283314,42,0.051712766705538885,0
2024-10-08,132.85189819335938,0.031168414937870117,117.45730255126954,119.38855361938477,0.1456033469486896,98.62143125957131,70.30157384234148,-1.4117761315985105,0.08998620499987262,2.0819238354918683,21.420000076293945,0.34365944630455464,43,0.135811897284383,0
2024-10-09,132.61196899414062,0.023413611030928972,118.51496276855468,119.52774746543483,0.14097703285065843,95.73424732099713,72.20443230594542,-2.044421540655072,0.08476592967646414,2.0669389402516045,20.860000610351562,0.3412328107851634,44,0.11611274605271886,0
2024-10-10,134.7713623046875,0.030323704714966846,119.61901336669922,119.68653512001038,0.11533052003860052,99.5712724676314,74.05274971310999,-1.9982236739682233,0.088927745284792,2.0794666983326127,20.93000030517578,0.36307283911340144,45,0.09735457735601111,0
2024-10-11,134.76136779785156,0.01581967915892549,120.89779876708984,119.8419457661737,0.09140968441668106,97.82695241850573,75.81825149022742,-1.9473374186389651,0.08096734875083104,2.0627752124086256,20.459999084472656,0.3629717550212365,46,0.07909073470170727,0
2024-10-14,138.0304412841797,0.024181160857622782,122.16180145263672,120.02754265921456,0.11310886079376085,96.87230466441251,77.79121225933892,-1.9605113294152992,0.09415239971848292,2.05986746609692,19.700000762939453,0.39603504979008847,47,0.08103680290482923,0
2024-10-15,131.56228637695312,0.07129906563570522,123.10190246582032,120.14405522202,0.08401981948228454,80.99235240385372,79.10107096485602,-1.5741122567759815,0.09070391804614396,2.0598674660969194,20.639999389648438,0.3306163575512556,48,-0.009707138806020548,1
2024-10-16,135.68109130859375,0.03761750594754548,123.85448669433593,120.29942558288575,0.1175888926294087,90.78124714263211,81.14456653487855,-1.5711272361055508,0.08666225282111385,2.0598674660969194,19.579999923706055,0.3722738064032837,49,0.023143629777405177,0
2024-10-17,136.8907470703125,0.02885032566466186,124.56588256835937,120.60412673950195,0.17034187139962173,90.87100702515716,82.69756612472591,-1.6626853700746291,0.08046110367249072,2.0358432233309665,19.110000610351562,0.3845082224192633,50,0.015725779790171975,0
2024-10-18,137.96043395996094,0.011682376423008296,125.32166564941406,120.84523857116699,0.16112746052718857,92.76567842113388,84.2652807095254,-1.7055483285163964,0.07374124751543804,2.0015809327383995,18.030000686645508,0.3953269981643592,51,0.02373874808771699,0
2024-10-21,143.66880798339844,0.04133791726650182,126.39855712890625,121.13419830322266,0.16980062654141967,100.0,86.12277935610368,-1.5583118992821907,0.09074192609891574,2.0015809327383995,18.3700008392334,0.4530612931495002,52,0.040848718925779376,0
2024-10-22,143.54884338378906,0.01847316018471551,127.51823638916015,121.46518875122071,0.14945573352263633,98.09101246867257,87.30655724989217,-1.6265369401561642,0.07808120484734937,2.0015809327383995,18.200000762939453,0.4518479753898046,53,0.09110936984244844,0
2024-10-23,139.51998901367188,0.034992508657533866,128.56553619384766,121.7645566558838,0.09270275065000202,88.82207190079835,87.70149747215675,-1.4679922531716483,0.06820024691297834,1.9917064391916242,19.239999771118164,0.4111002833672608,54,0.028293534994842554,0
2024-10-24,140.3697509765625,0.020522647630564293,129.46687774658204,122.01877662658691,0.05658822256541086,90.77706764085143,88.1288629088685,-1.446475624414672,0.058888333034073474,1.9917064391916242,19.079999923706055,0.4196947461041535,55,0.02541445627777198,0
2024-10-25,141.49942016601562,0.023628766083281964,130.48818450927735,122.26992973327637,0.06701846929267513,93.37602893765678,89.01156705355075,-1.5223573451920327,0.050988540248813496,1.9875153742454237,20.329999923706055,0.4311201807290972,56,0.025652182328462208,0
2024-10-28,140.479736328125,0.02160836599923523,131.45830688476562,122.45088333129883,0.042355986656365176,91.03010425953167,89.77204514511291,-1.4784383741491456,0.047224152203656396,1.9890326196759625,19.799999237060547,0.4208071340985425,57,-0.02219738369125989,0
2024-10-29,141.20950317382812,0.02395039397784105,132.2732727050781,122.65354789733887,0.047848545034427606,92.70903452104682,91.16371918876642,-1.7100692901296246,0.04275492788464937,1.9819806085425449,19.34000015258789,0.428187970422023,58,-0.016296475504902038,0
2024-10-30,139.300048828125,0.02522577355470431,132.90629089355468,122.83821746826172,0.009198025682837748,88.31606887337645,92.10772505591585,-1.6206300226442585,0.04025019719242826,1.9819806085425449,20.350000381469727,0.40887581603219936,59,-0.0015764062705403638,0
2024-10-31,132.72193908691406,0.039970928459569954,133.25499084472656,122.94809005737305,0.008814476715905446,73.18221129528155,91.80202037899997,-1.341305484714006,0.041954757228289265,2.011387406826463,23.15999984741211,0.3423450444526941,60,-0.054483333028961425,1
2024-11-01,135.36119079589844,0.02034142759058716,133.81483032226564,123.09305183410645,-0.002357738352558863,79.25417741440567,91.54477775667937,-1.3145423481537857,0.04346288418256096,1.9957204121767464,21.8799991607666,0.36903834381971473,61,-0.04337989062368911,0
2024-11-04,136.01100158691406,0.024706648376730995,134.3990628051758,123.20162788391113,-0.00642662489778484,80.74915763681365,91.0171714036165,-1.3378512426038853,0.03980890781532253,1.9868127198545427,21.979999542236328,0.37561050740587587,62,-0.0318105291055865,0
2024-11-05,139.86988830566406,0.022117085148263264,135.3151998901367,123.30470909118652,0.013840593936209924,89.62706395170798,90.56745303822332,-1.410082574514784,0.03760179163782151,1.9839049735428365,20.489999771118164,0.4146391525541828,63,-0.00948671893927,0
2024-11-06,145.56825256347656,0.0316871751997299,136.38529296875,123.44208229064941,0.013220994916987229,98.06798854379143,90.68414009936303,-1.2387171973769973,0.04582366245264942,1.9903378566587815,16.270000457763672,0.47227220912030066,64,0.04499785741701763,0
2024-11-07,148.8373260498047,0.018853709395063412,137.4261947631836,123.62114295959472,0.036840998097605375,99.89583408743043,90.700368180353,-1.205365902725103,0.061760266128326205,1.985760654731623,15.199999809265137,0.5053355038891526,65,0.12142217838105372,0
2024-11-08,147.5876922607422,0.02359353138954464,138.33433502197266,123.7417244720459,0.05782471245951532,95.61732798121228,90.58988695848832,-1.1754200349308639,0.06110016780609755,1.9546850651850467,14.9399995803833,0.49269675150451325,66,0.09032501408235412,0
2024-11-11,145.21835327148438,0.03551250362791368,139.03573364257812,123.88659461975098,0.03454164633897117,90.763582325773,90.28445084155635,-1.1656665985219237,0.060706509150353,1.9575928114967525,14.970000267028809,0.4687333399333786,67,0.06769563915523855,0
2024-11-12,148.2474822998047,0.024799014987877434,139.65155700683593,124.10384056091308,0.04768968046562898,96.96895096556409,91.08328076964186,-1.429382914910789,0.058365087221460735,2.0399411502968645,14.710000038146973,0.499369844855981,68,0.05989562225024936,0
2024-11-13,146.2280731201172,0.023009376575062683,140.196201171875,124.38546089172364,0.04091933073226684,92.83205937812063,91.18582138141629,-1.4523028743869137,0.05654420541503959,2.0399411502968645,14.020000457763672,0.47894561112548495,69,0.004532722932515133,0
2024-11-14,146.71791076660156,0.02336763046941665,140.67406311035157,124.59220932006836,0.039008759814080064,93.83552378708599,91.33404721951274,-1.43662729875616,0.055119087303845016,2.044518352224023,14.3100004196167,0.48389981192957415,70,-0.01423981026435476,0
2024-11-15,141.9392852783203,0.03561816688083254,140.96117980957033,124.74807250976562,0.018946414393951342,83.09781861490234,90.85065422920115,-1.273069827687747,0.0544639175084415,2.054392845770798,16.139999389648438,0.43556896107236176,71,-0.038271531290311606,0
2024-11-18,140.10980224609375,0.03154128426719312,141.0443542480469,124.90973197937012,0.055664219570674627,78.5406000881889,89.7776842336106,-1.4406554019450872,0.0549937473471457,2.052537164582011,15.579999923706055,0.41706563374671585,72,-0.03517841175240595,0
2024-11-19,146.9678497314453,0.04344748847600867,141.66057678222657,125.14447021484375,0.08574583946330477,93.48425085924087,89.54734615313902,-1.1442087218287156,0.052366892714671744,2.0867994551745785,16.350000381469727,0.4864276858679886,73,-0.008631732212298494,0
2024-11-20,145.84817504882812,0.032765766983670404,142.06726013183595,125.36041442871094,0.07232630704236002,89.38436843708803,89.5754609799535,-1.2251470826591389,0.043973943810557234,2.2260517173476986,17.15999984741211,0.4751033353352099,74,-0.0025979831586579144,0
2024-11-21,146.62796020507812,0.08162036788239069,142.45674865722657,125.60045059204101,0.04831684632967847,84.32064752326369,89.25263997407413,-1.213415444769262,0.03693070218270387,2.2152578870536352,16.8700008392334,0.48299005510008985,75,-0.0006130850763444322,0
2024-11-22,141.9093017578125,0.041526744759437365,142.6147033691406,125.73722106933593,-0.025135637346945128,72.42246327955291,88.20496169116892,-1.0796500897070156,0.031435325220812306,2.2258824994685744,15.239999771118164,0.435265708795867,76,-0.00021124187323488065,0
2024-11-25,135.9810028076172,0.04387629753165266,142.30719116210938,125.83919944763184,-0.08637835402851468,57.47414821299086,86.52716388884187,-0.893880856224543,0.035522308862011666,2.2258824994685744,14.600000381469727,0.37530710080252283,77,-0.029468312511244536,1
2024-11-26,136.88075256347656,0.026361691817443522,142.04046752929688,125.92648429870606,-0.07254629117955003,59.742883805551536,84.8788563530671,-0.8776615334068929,0.041089344298941274,2.216362206657657,14.100000381469727,0.3844071383270984,78,-0.06863471967781339,0
2024-11-27,135.3011932373047,0.04014516250254989,141.87171569824218,125.96618507385254,-0.06829136821046061,53.852183419742275,83.1556620803854,-0.8710423873576411,0.044871683829744415,2.200341011272083,14.100000381469727,0.36843153061300865,79,-0.07231480138844687,1
2024-11-29,138.2103729248047,0.024126356786145255,141.78534057617188,125.99969078063965,-0.06770509164332178,61.50407296399044,82.57175516382085,-1.0574814854081862,0.04836817411602291,2.197951893571539,13.510000228881836,0.39785487210277365,80,-0.05740779090495671,0
2024-12-02,138.5902557373047,0.018943957281106497,141.66897399902345,126.11206748962402,-0.05223222340171652,62.503262300248416,81.73420940811299,-1.0773386172855564,0.05111526047085812,2.187041099879454,13.34000015258789,0.40169699356619043,81,-0.02338850222920704,0
2024-12-03,140.2198028564453,0.018732796476153113,141.65857666015626,126.22234626770019,-0.04428980671959964,66.54306490559266,81.02390477155194,-1.0506614118624027,0.0463939572606088,2.200742676485223,13.300000190734863,0.4181781760679631,82,0.031172001686331746,0
2024-12-04,145.098388671875,0.0387323943661973,141.81413208007814,126.3894083404541,0.022256723269813494,79.47017331235884,80.51606023958449,-0.9928489011527042,0.046498891155753154,2.2083097877305997,13.449999809265137,0.467520022173683,83,0.060035000936947816,0
2024-12-05,145.02841186523438,0.01784850339050899,142.0432666015625,126.57656280517578,0.03510539262985617,79.28475118397449,79.57689837159364,-1.1584648780863875,0.04663023816034316,2.2062209948550033,13.539999961853027,0.46681227920167023,84,0.07189307348434928,0
2024-12-06,142.40899658203125,0.030359607222324354,142.4307489013672,126.82119194030761,-0.031019390688129856,72.34391492334913,78.19930241338957,-1.1725900111997432,0.04647027946816488,2.215741287665921,12.770000457763672,0.4403196047503968,85,0.030378498866440968,0
2024-12-09,138.77975463867188,0.020292092110952512,142.5674914550781,126.99854011535645,-0.04846423623600249,62.72727481264171,76.55479975496104,-1.0993434839500855,0.04717696248113198,2.215741287665921,14.1899995803833,0.4036135788190091,86,0.0013673320707797757,0
2024-12-10,135.04058837890625,0.05776573164090775,142.52867492675782,127.17008483886718,-0.07902566338620165,52.81936104016349,74.65758869068057,-1.0411416111253615,0.05007064589580622,2.236240393627635,14.180000305175781,0.3657957822006655,87,-0.03693639822644349,0
2024-12-11,139.27964782714844,0.03610943093359545,142.5050653076172,127.32794105529786,-0.018530525470077528,64.05187453963684,73.0117348693842,-0.9621433457284814,0.051811637272012705,2.2362403936276354,13.579999923706055,0.4086694810226963,88,-0.04010203626647463,0
2024-12-12,137.31008911132812,0.019258822252585843,142.17473876953125,127.47559829711913,0.009774058701356236,52.256407905988155,70.98295229577758,-0.9526681436171981,0.04561338236505023,2.2310604930134073,13.920000076293945,0.38874943313815874,89,-0.05321938408232998,0
2024-12-13,134.22076416015625,0.05081339206367271,141.59007629394532,127.67573120117187,-0.01943288850700013,40.01689959241356,68.29202108604395,-0.9118579186642966,0.04947232108431276,2.235271685333669,13.8100004196167,0.3575041087596928,90,-0.057497999553408605,0
2024-12-16,131.9712371826172,0.029661618309638177,140.96541809082032,127.8730615234375,-0.02461143154034933,25.26514156109056,65.40038723335337,-0.9783011970043088,0.05244163086269129,2.2246470729187298,14.6899995803833,0.33475247167967115,91,-0.049059875295077444,0
2024-12-17,130.36160278320312,0.036641071049056305,140.37114807128907,128.04649833679198,-0.056788575093938844,13.56675767628478,62.15169511275816,-0.9734646333628486,0.057077325386335545,2.2183134811538032,15.869999885559082,0.318472685727937,92,-0.03464873525709546,0
2024-12-18,128.88192749023438,0.06290152495557502,139.59652587890625,128.2198329925537,-0.07005058324931784,7.878719183666819,57.87141852897946,-1.3009640794570818,0.06184145002718836,2.204163731934625,27.6200008392334,0.3035073016280635,93,-0.0746535513201329,1
2024-12-19,130.65151977539062,0.03400118332053078,138.9734637451172,128.48943420410157,-0.06823774449925975,14.681231249684743,54.13626166960929,-1.2369591985602029,0.06611730518825812,2.2126995514739676,24.09000015258789,0.3214048960350112,94,-0.0484929357997785,0
2024-12-20,134.670654296875,0.05438716348027818,138.49157348632812,128.66637634277345,-0.07186664490521148,30.1312370542323,51.426791146157726,-1.0813396864475837,0.06779905925105417,2.2126995514739676,18.360000610351562,0.36205428184883887,95,0.0033518669002802546,0
2024-12-23,139.6395721435547,0.03426767105060158,138.3995849609375,128.97107849121093,-0.03715713116052868,49.232316941742,50.267283829267186,-0.9930345140574643,0.06794896745228217,2.2154903343876513,16.780000686645508,0.41230974295549977,96,0.05810610800235453,0
2024-12-24,140.18946838378906,0.023214285714285687,138.4027716064453,129.30067245483397,-0.015585589755656217,51.34618002796242,49.96088542001576,-1.1880252315104327,0.06815536528499834,2.2031792586630496,14.270000457763672,0.41787137427372817,97,0.0753892664002459,0
2024-12-26,139.89952087402344,0.022333646701026857,138.12003845214844,129.69554153442382,0.00806865697570222,50.23158914155472,49.48532068681592,-1.1727334347107876,0.053884483041619045,2.192821364503989,14.729999542236328,0.41493885531293745,98,0.0854859451463735,0
2024-12-27,136.9801483154297,0.031107884977697668,137.7653173828125,130.023231048584,0.014362792400469152,39.009192196440274,48.74317112565082,-1.1186326808299243,0.04251571334846819,2.1961772834291042,15.949999809265137,0.38541242348185006,99,0.048438996736654236,0
2024-12-30,137.46005249023438,0.04635466821272755,137.39860107421876,130.40909965515138,-0.013064330397878752,40.853997899440394,47.710667372423316,-1.1563928553356748,0.04274855414365951,2.1961772834291042,17.399999618530273,0.3902661575012074,100,0.020712739593662925,0
2024-12-31,134.26075744628906,0.030717999932345367,137.0926593017578,130.70239791870117,-0.02220763007856421,28.55554739095634,46.013281626958715,-1.0833307577556517,0.04311421802312587,2.208488359153706,17.350000381469727,0.35790859945521075,101,-0.038519272257122095,1
2025-01-02,138.27987670898438,0.03125000000000009,137.1846142578125,131.03808654785155,0.030242061086648783,44.00549453900003,44.886403108629075,-0.979455912302557,0.04323286391007747,2.200921247908329,17.93000030517578,0.3985578309421801,102,-0.01362150592922503,0
2025-01-03,144.43853759765625,0.03692592223259384,137.4869256591797,131.39267768859864,0.09446983055699666,67.68008068922387,44.29689847747233,-0.884068916725596,0.0665360413172665,2.2112791420673896,16.1299991607666,0.46084631151478217,103,0.03244483394421416,0
2025-01-06,149.39744567871094,0.029207863549720856,138.05077575683595,131.7256844329834,0.14602338793858824,86.74268191019934,44.66979501378357,-0.7588055730004859,0.09120769425950441,2.200921247908329,16.040000915527344,0.5110005342024199,104,0.0906503425203442,0
2025-01-07,140.10946655273438,0.0857348917247169,138.12673950195312,131.9464185333252,0.08711492201535186,50.55192563379517,43.580195549305884,-0.4100490559399752,0.08731028919344196,2.170536503881595,17.81999969482422,0.41706223855583396,105,0.01927406555215904,0
2025-01-08,140.07948303222656,0.044816940016735585,138.18630859375,132.1190705871582,0.07216114495295582,50.437764754595435,42.96572004640356,-0.4660981800949066,0.08210535790618931,2.170536503881595,17.700000762939453,0.41675898627933916,106,0.04333898971384306,0
2025-01-10,135.8804168701172,0.04146960403635776,138.01273315429688,132.23253845214845,0.008983119444681125,34.450012924074095,42.0472526405991,-0.4441729336233509,0.07732439915841967,2.1918051917327404,19.540000915527344,0.3742897781528263,107,-0.017352198280570847,0
2025-01-13,133.20098876953125,0.030617823048999133,137.53683715820313,132.26503219604493,-0.046108587094526,24.248213317665,40.0570695795005,-0.49910966362643894,0.07545839144944053,2.1894160740321964,19.190000534057617,0.3471901361679885,108,-0.07780159654778551,0
2025-01-14,131.73129272460938,0.046527024542928945,137.00495239257813,132.31031867980957,-0.06033388782118926,18.65241303127322,38.37686983576476,-0.5001257375538811,0.07745114904683516,2.1894160740321964,18.709999084472656,0.3323256818334216,109,-0.11824936412965045,1
2025-01-15,136.21034240722656,0.03860833443887723,136.75700622558594,132.38790031433106,-0.02637020086808519,35.706189275247944,38.16133431990647,-0.4323682420442668,0.07906003201887353,2.1689169680704823,16.1200008392334,0.37762663348227676,110,-0.02782912704931512,0
2025-01-16,133.54090881347656,0.03793994900456328,136.54745239257812,132.48636985778808,-0.025107576128720856,25.542443295238765,38.175199406613885,-0.4160027703035721,0.08236376483307307,2.1582923556555436,16.600000381469727,0.35062807558960385,111,-0.0466776010106044,0
2025-01-17,137.6800079345703,0.022240055833168598,136.6530291748047,132.56995155334474,0.0016001408434756991,41.30187336736065,39.56195519116768,-0.35327414796348816,0.08327354317820898,2.1491679809769324,15.970000267028809,0.39249077916312713,112,0.013243932465803989,0
2025-01-21,140.79933166503906,0.03406155050608606,136.7138165283203,132.71381553649903,0.04870056108066985,53.178555409621694,41.82694700246542,-0.3378427814272689,0.0817167329559998,2.1616482745806582,15.0600004196167,0.4240395101449461,113,0.057044192882492156,0
2025-01-22,147.03799438476562,0.028480540667002948,137.10293273925782,132.90167289733887,0.06333616925485885,76.93197759128333,44.93948431954535,-0.20869730984620322,0.07898986375416496,2.1616482745806582,15.100000381469727,0.4871371264354423,114,0.11619639755722772,0
2025-01-23,147.1879425048828,0.024198513843419187,137.62161987304688,133.1179197692871,0.019035120079138605,77.50289818156108,47.30806737591179,-0.2579832391091151,0.07430867998104208,2.151023662165719,15.020000457763672,0.48865369647163276,115,0.08059299979466053,0
2025-01-24,142.58892822265625,0.04778591744436412,138.04632751464842,133.3683467102051,-0.045573185171430934,59.992362226508334,47.846069640150105,-0.25119701799034105,0.0726262862775998,2.1666906568154354,14.850000381469727,0.44213942706308196,116,0.06775466401698314,0
2025-01-27,118.39421081542969,0.09374997325432685,137.5676318359375,133.3590330505371,-0.15498778399196533,4.7213880209912,45.514830039801545,1.5319012674817392,0.09095039750714541,1.8322658175917064,17.899999618530273,0.1974349024233715,117,-0.14007696112500093,1
2025-01-28,128.9619140625,0.1046712113582213,137.57083129882812,133.56905418395996,-0.07936614791167429,34.54449234159567,44.73047519980359,1.926369697547792,0.08676784914016882,1.7968597639137736,16.40999984741211,0.3043162830190994,118,-0.08407296726876674,0
2025-01-29,123.67305755615234,0.05407111729557799,137.2916928100586,133.74408012390137,-0.08983898927564657,20.200647637576825,43.79004797186042,1.9334685786413648,0.09584660774706666,1.8246649036397096,16.559999465942383,0.25082497351172384,119,-0.15890407731944747,0
2025-01-30,124.62284851074219,0.05605200334205915,136.88978057861328,133.91860763549803,-0.06439997433976442,22.776564366943088,42.88617629523556,1.897094600029453,0.10343491584245715,1.8246649036397096,15.84000015258789,0.2604311259679863,120,-0.1533080333220369,0
2025-01-31,120.04385375976562,0.06996280593083413,136.10595184326172,134.09112884521485,-0.0887218118270266,10.357927270304906,41.97629528920298,1.9092515138066815,0.11272311736077223,1.8246649036397096,16.43000030517578,0.21411933339748188,121,-0.1581123776152235,0
2025-02-03,116.63459777832031,0.048453137765522826,135.16375701904298,134.19317108154297,-0.1437170209174048,9.097713417120177,40.230906233108996,1.8609071010190321,0.12304191583972804,1.8278001434939721,18.6200008392334,0.17963823778173044,122,-0.014862323292584962,1
2025-02-04,118.62416076660156,0.038474692503630635,134.3127426147461,134.29881507873534,-0.11170171132884821,14.057825486303788,37.54979347296298,1.7549272063927577,0.13054370474287436,1.805248137008332,17.209999084472656,0.19976060817745614,123,-0.08016128925388279,0
2025-02-05,124.80281829833984,0.03482258368413654,133.8256494140625,134.37817840576173,-0.09352984379801967,29.46162721313554,34.6857407381098,1.824231044271778,0.13526446635457584,1.831145915585731,15.770000457763672,0.26225133409781715,124,0.009135059523166919,0
2025-02-06,128.65196228027344,0.02793914015967955,133.47332580566408,134.47363952636718,-0.08627433980769283,39.05779764516981,34.11103433867852,1.731532825499193,0.13716865333982983,1.8322578512087948,15.5,0.30118144154712057,125,0.032330457999312626,0
2025-02-07,129.81170654296875,0.04155699633538735,133.29536376953126,134.58109802246094,-0.11715535099533202,41.949116768235584,33.686601939360536,1.7305087537558521,0.13968778287488018,1.831145915585731,16.540000915527344,0.3129110544097086,126,0.08136903704166949,0
