Date,Close,Volatility,MA_25,MA_100,Decline_Since_Last_Peak,Days_Since_Last_Peak,One_Week_Growth,RSI,Price_to_MA25,Price_to_MA100,Target
2024-02-01,62.99541473388672,0.024814821321664345,62.99541473388672,62.99541473388672,-0.6738692610294043,0,,50.0,1.0,1.0,0
2024-02-02,66.1268539428711,0.04548722749606456,64.5611343383789,64.5611343383789,-0.6576576274115972,0,,50.0,1.0242517362889865,1.0242517362889865,0
2024-02-05,69.2972640991211,0.03359472140939549,66.1398442586263,66.1398442586263,-0.6412442390488804,0,,50.0,1.0477385436250553,1.0477385436250553,0
2024-02-06,68.18881225585938,0.04960498186443646,66.65208625793457,66.65208625793457,-0.6469827554200062,1,,50.0,1.0230559324426527,1.0230559324426527,0
2024-02-07,70.06385803222656,0.038349547522934194,67.33444061279297,67.33444061279297,-0.6372755399467286,0,,50.0,1.0405352356772237,1.0405352356772237,0
2024-02-08,69.60609436035156,0.019108327411372188,67.7130495707194,67.7130495707194,-0.6396454077412838,1,0.10493906031717581,50.0,1.0279568680133815,1.0279568680133815,0
2024-02-09,72.09685516357422,0.027972717068576444,68.3393075125558,68.3393075125558,-0.6267506015909396,0,0.09028104113135016,50.0,1.0549836951497942,1.0549836951497942,0
2024-02-12,72.21178436279297,0.046294767653930716,68.82336711883545,68.82336711883545,-0.6261556067833199,0,0.04205822988196206,50.0,1.049233529044094,1.049233529044094,0
2024-02-13,72.09186553955078,0.054403325548966805,69.18653361002605,69.18653361002605,-0.6267764331499003,1,0.057238909940919624,50.0,1.0419927372846978,1.0419927372846978,0
2024-02-14,73.86296844482422,0.0313925358840107,69.65417709350587,69.65417709350587,-0.6176073356571731,0,0.05422354005756036,50.0,1.0604241055876427,1.0604241055876427,0
2024-02-15,72.62158203125,0.021321486387642103,69.92394117875533,69.92394117875533,-0.6240340616358376,1,0.04332217887829226,50.0,1.03857964535492,1.03857964535492,0
2024-02-16,72.57659912109375,0.025654534624942143,70.14499600728352,70.14499600728352,-0.6242669406444492,2,0.006654159275478522,50.0,1.034665382453764,1.034665382453764,0
2024-02-20,69.41719818115234,0.05868208826565014,70.0890115591196,70.0890115591196,-0.640623333686707,6,-0.038699863274401114,50.0,0.9904148544397636,0.9904148544397636,0
2024-02-21,67.43818664550781,0.038820097014903535,69.89966692243304,69.89966692243304,-0.6508687856339246,7,-0.0645520664393111,60.74971451525188,0.9647855220875844,0.9647855220875844,0
2024-02-22,78.49864959716797,0.058047259433068564,70.47293243408203,70.47293243408203,-0.5936081584752713,0,0.06276055850377338,74.43373058205964,1.113883683932025,1.113883683932025,0
2024-02-23,78.77751159667969,0.059710328541801555,70.99196863174438,70.99196863174438,-0.5921644745126249,0,0.08476721923767383,71.90780511973576,1.1096679401203977,1.1096679401203977,0
2024-02-26,79.05237579345703,0.02686331934387595,71.46611022949219,71.46611022949219,-0.5907414873953841,0,0.08922678591702082,68.7764806085437,1.1061519304689147,1.1061519304689147,0
2024-02-27,78.66156005859375,0.029200953498953252,71.86585744222005,71.86585744222005,-0.5927647620249856,1,0.13317106019342861,70.73047262464404,1.094560934193785,1.094560934193785,0
2024-02-28,77.62408447265625,0.023292947606938577,72.16892202276932,72.16892202276932,-0.5981358303945656,2,0.1510405058886164,65.47847770357194,1.0755888032824685,1.0755888032824685,0
2024-02-29,79.07234954833984,0.020734813676731637,72.51409339904785,72.51409339904785,-0.5906380821639484,0,0.0073084053562186835,68.62538590196506,1.0904411245025385,1.0904411245025385,0
2024-03-01,82.23776245117188,0.0358125686645508,72.9771252586728,72.9771252586728,-0.5742505648579889,0,0.04392434826080538,69.43678765674805,1.1268978074934313,1.1268978074934313,0
2024-03-04,85.19427490234375,0.047260169435500037,73.53245024247603,73.53245024247603,-0.5589445367200745,0,0.07769404837286453,72.43894777901176,1.1585942617363139,1.1585942617363139,0
2024-03-05,85.92495727539062,0.03142958145517529,74.07125489608102,74.07125489608102,-0.5551617537464055,0,0.09233731458397831,73.41477418450026,1.1600310727277388,1.1600310727277388,0
2024-03-06,88.65970611572266,0.03060598653748474,74.67910703023274,74.67910703023274,-0.5410038080615635,0,0.1421674950247407,74.25465361571597,1.187208975059518,1.187208975059518,0
2024-03-07,92.62689208984375,0.035105049094162705,75.39701843261719,75.39701843261719,-0.5204654673134405,0,0.17141949896426834,80.10247167277028,1.2285219497455993,1.2285219497455993,0
2024-03-08,87.48823547363281,0.11450739731616728,76.37673126220703,75.86206524188702,-0.5470685762324063,1,0.06384503743737402,69.45553124952717,1.1454828457279633,1.153254069668096,0
2024-03-11,85.73503112792969,0.05358151382425549,77.16105834960938,76.22773064507379,-0.5561450118943665,4,0.006347330571283116,72.10120539197197,1.1111178742452243,1.1247223340167782,0
2024-03-12,91.87124633789062,0.06598595464994984,78.06401763916016,76.78642763410296,-0.5243774870775059,5,0.06920328215517246,79.74319261872424,1.1768705879647705,1.1964516278276252,0
2024-03-13,90.84671020507812,0.03370490619795406,78.97033355712891,77.27126496413658,-0.5296815671840931,6,0.024667396105519268,69.89220378163087,1.1503903568972211,1.175685557202179,0
2024-03-14,87.90404510498047,0.045167901268005656,79.68394104003906,77.62569096883138,-0.544915906821222,7,-0.050987859770598165,63.540352465052656,1.1031588543143345,1.1324091806187735,0
2024-03-15,87.79710388183594,0.03783496864031872,80.41158142089844,77.95380106279927,-0.5454695474358268,8,0.0035303993334763195,63.0388651095869,1.09184650184007,1.1262709795396242,0
2024-03-18,88.4148178100586,0.05885736675316712,81.06429992675781,78.28070783615112,-0.5422716083360574,11,0.03125661292558757,64.44489842868472,1.090675154043667,1.1294585888916477,0
2024-03-19,89.35739135742188,0.06382925924824327,81.75012420654296,78.61636491255327,-0.5373918530580853,12,-0.02736280480209352,67.4264036006146,1.0930551142853193,1.136625834288015,0
2024-03-20,90.33094024658203,0.024354980241076556,82.47968719482422,78.96091124590706,-0.532351736726015,13,-0.005677365281932523,66.96051221531653,1.0951901409763165,1.143995665972818,0
2024-03-21,91.3934555053711,0.024301232622463434,83.1809066772461,79.31612679617746,-0.5268510365880729,14,0.03969567493991155,64.72558775103215,1.0987311770956147,1.1522682611599195,0
2024-03-22,94.24617004394531,0.04327361225270349,84.0458901977539,79.73085021972656,-0.512082375972574,0,0.07345420152797999,64.60741637409564,1.1213655994622804,1.1820539952128524,1
2024-03-25,94.95883178710938,0.03466001680333079,84.94117950439453,80.14241728911529,-0.5083928867944173,0,0.07401490088583662,64.58681961978536,1.1179363453764681,1.1848760618804846,0
2024-03-26,92.51895904541016,0.04040647653633393,85.86524993896484,80.46811575638621,-0.5210242426416,1,0.035381154708761464,56.29137013663805,1.0774901268111947,1.1497592329054573,0
2024-03-27,90.20899200439453,0.04421553383802661,86.77608215332032,80.71788181402745,-0.5329830695064846,2,-0.0013500163050955694,45.833187611017394,1.0395605536213168,1.1175837370489283,0
2024-03-28,90.31494903564453,0.023411136203342023,87.24873413085938,80.95780849456787,-0.5324345241076381,3,-0.011800696929149201,55.893631080452096,1.0351433741168818,1.1155804574638963,0
2024-04-01,90.32194519042969,0.033455475401436875,87.71051147460938,81.18620207251573,-0.532398304628178,7,-0.041638029977088986,60.31468207537136,1.0297733267303575,1.1125282730894825,0
2024-04-02,89.41136169433594,0.02797122691376622,88.12487091064453,81.38203920636859,-0.5371124456451073,8,-0.058419738199922855,42.76897834250456,1.0145984983625775,1.098662095055232,0
2024-04-03,88.923583984375,0.022309106703656385,88.53535186767579,81.5574239686478,-0.5396376977713921,9,-0.03886095453441574,44.16261170256618,1.004385051942635,1.090318693961679,0
2024-04-04,85.865966796875,0.05258506653546773,88.86502716064453,81.65534539656205,-0.5554671507095306,10,-0.04814403875955031,43.85656180878127,0.9662515113133536,1.0515657778417802,0
2024-04-05,87.96802520751953,0.029413123479452262,89.22085418701172,81.79562717013889,-0.5445846782991364,11,-0.025985995155671793,50.45989720210556,0.9859581149395164,1.0754612226952152,0
2024-04-08,87.09341430664062,0.023652758116532027,89.41508026123047,81.91079645571502,-0.5491125872052102,14,-0.03574470054849033,46.492988974719815,0.9740349620242247,1.0632714864850275,0
2024-04-09,85.3152084350586,0.052754956331790025,89.41991760253906,81.98323075314785,-0.5583184571465496,15,-0.045812446893277015,39.72766187138235,0.9540962541955651,1.0406421856189512,0
2024-04-10,86.99945831298828,0.04397924102226207,89.46289764404297,82.08773549397786,-0.5495990025700427,16,-0.021637968075205016,41.828910563823584,0.9724641231624727,1.0598350385651796,0
2024-04-11,90.5748291015625,0.04361697541191483,89.53950256347656,82.26094148596938,-0.5310891106628726,17,0.05483968189430399,48.21250022073246,1.011562790817963,1.1010672558009946,0
2024-04-12,88.14593505859375,0.02948755667568006,89.36026428222657,82.37864135742187,-0.5436636291807825,18,0.002022437705683666,36.42873631111201,0.9864108590838809,1.0700095753722003,0
2024-04-15,85.96192932128906,0.052571304971728204,89.29921203613281,82.448901905733,-0.5549703474241986,21,-0.012991625077044322,31.214316118409315,0.9626280832859601,1.0426085409793893,0
2024-04-16,87.37528991699219,0.023763993578926102,89.36482238769531,82.54364013671875,-0.5476533016129163,22,0.02414670865513635,38.77891232888112,0.977736961619284,1.0585344888142887,0
2024-04-17,83.99681854248047,0.05461857343961846,89.04984527587891,82.57105859720482,-0.565143834386055,23,-0.034513315700260394,37.05158362636188,0.9432561986183803,1.0172670663244217,0
2024-04-18,84.63253021240234,0.04458046321926141,88.80127807617187,82.60923399748626,-0.561852719984163,24,-0.06560651505615311,38.41169998120495,0.9530553168368403,1.0244923735157458,0
2024-04-19,76.1653823852539,0.10484659687261805,88.33173156738282,82.49207305908203,-0.6056876116108987,25,-0.13591724525215987,28.53639594299689,0.8622652475362383,0.923305471189979,0
2024-04-22,79.48187255859375,0.04702699856709517,87.99912231445313,82.43831947871617,-0.5885179589371428,28,-0.07538286790278548,35.96894507970076,0.9032121056227796,0.9641374673960244,0
2024-04-23,82.38555908203125,0.031014341399477046,87.75795196533203,82.4373938577217,-0.5734854135427201,29,-0.05710688730991631,41.35179168215761,0.9387816971227508,0.9993712225330665,0
2024-04-24,79.64080810546875,0.05835619122435103,87.36928863525391,82.38917686199319,-0.5876951408388732,30,-0.0518592312494397,41.696913278483066,0.9115423663107785,0.9666416286555681,0
2024-04-25,82.5944595336914,0.0646649936453954,87.05982940673829,82.39265622931012,-0.5724039243746748,31,-0.024081410228383726,42.991965561803724,0.9487091819100065,1.0024492875168345,0
2024-04-26,87.69515228271484,0.058984945922577636,86.91189727783203,82.48103116353353,-0.5459973564914707,32,0.15137808721476564,50.70685112615273,1.0090120573755166,1.0632160030691586,0
2024-04-29,87.7171401977539,0.031120473620821102,86.65073608398437,82.56686901655354,-0.545883523841739,35,0.10361189758191913,52.94293275860522,1.012306925041421,1.0623769708424793,0
2024-04-30,86.36276245117188,0.02887433807960845,86.30689331054687,82.62809310420867,-0.5528952121876929,36,0.048275491645089375,49.21354015588403,1.0006473311514525,1.045198542126019,0
2024-05-01,83.00326538085938,0.055773035632984504,85.92626556396485,82.63404821971106,-0.5702875139407473,37,0.04222028072514905,40.59730362934492,0.965982459915827,1.0044680996405577,0
2024-05-02,85.77801513671875,0.035962565021146205,85.74902648925782,82.6831727027893,-0.5559224813084577,38,0.0385444207880401,47.08445871303155,1.0003380638667025,1.0374301364203098,0
2024-05-03,88.74866485595703,0.02552708513663368,85.68637512207032,82.7764879666842,-0.5405432637534883,39,0.012013350177508597,53.36601081324166,1.0357383508115978,1.0721482275459246,0
2024-05-06,92.09813690185547,0.035406655522293766,85.75742279052734,82.91772507176255,-0.5232028621051346,42,0.049944591150883566,55.449689894841555,1.0739377875990521,1.1107171213651554,0
2024-05-07,90.51286315917969,0.03040677793209052,85.8014828491211,83.031085341724,-0.5314099117666622,43,0.048054283932316366,57.84344787672374,1.0549102434318458,1.0901081539120387,0
2024-05-08,90.37094116210938,0.019825017504047228,85.85937713623046,83.13902439790614,-0.5321446497785675,44,0.0887636859519143,56.99050051442767,1.0525459673288866,1.0869858266509242,0
2024-05-09,88.7066879272461,0.0313821627284494,85.97300598144531,83.21971517369367,-0.540760580630249,45,0.03414246396188392,68.31304410600842,1.0317969799310118,1.0659335680505537,0
2024-05-10,89.83716583251953,0.02407401133633153,86.04777160644531,83.31425018310547,-0.5349080341204085,46,0.012264984248824273,66.15216070369868,1.0440382610186083,1.0782929166988624,0
2024-05-13,90.35794067382812,0.0272884221206071,86.1783526611328,83.4134570914255,-0.5322119540239328,49,-0.01889502096966178,63.43394258721118,1.0484992795015489,1.083253755743406,0
2024-05-14,91.31450653076172,0.03032403149885211,86.41832458496094,83.52319388919406,-0.5272597597870405,50,0.008856678969178411,70.932351115242,1.0566567561835472,1.09328322204613,0
2024-05-15,94.5870132446289,0.03528636218502718,86.72182678222656,83.6747530584466,-0.5103178119105447,51,0.04665296198428037,71.26097953552541,1.090694427853246,1.130412816140134,0
2024-05-16,94.31613159179688,0.018080321902398364,86.87147888183594,83.81855547105944,-0.5117201811779728,52,0.06323585961355516,64.16349800577557,1.08569731752912,1.1252416730608297,0
2024-05-17,92.4369888305664,0.03109069721453421,87.04312103271485,83.93346791585286,-0.5214486069680117,53,0.028939281131081573,59.353441680692384,1.0619677664800677,1.1013126363757388,0
2024-05-20,94.73694610595703,0.018773274739583404,87.39412170410156,84.07561894467003,-0.5095416012122348,56,0.04846287331775456,65.99584314230694,1.0840196601176078,1.1268064070786468,0
2024-05-21,95.3426742553711,0.023718215406846717,87.71281707763671,84.2219443383155,-0.5064057131508861,0,0.044113119345964735,76.34109279596353,1.0869867988732025,1.1320407644875088,0
2024-05-22,94.90686798095703,0.029028128352281374,88.14921905517578,84.35893053886218,-0.5086619062868959,1,0.0033815925184241813,71.64937243187399,1.0766614724238384,1.1250364054489248,0
2024-05-23,103.7518539428711,0.047045938933437094,88.91399200439453,84.6044105819509,-0.4628709257825343,0,0.1000435682828078,77.8272295909386,1.1668788185524637,1.2263173187924201,0
2024-05-24,106.42063903808594,0.03326981165331257,90.12420227050781,84.87711343765258,-0.4490544780468877,0,0.1512776474485884,77.25286112513635,1.180821980744577,1.2538201963743547,0
2024-05-28,113.8492431640625,0.0458619027312435,91.49889709472656,85.23479405155888,-0.4105961844812525,0,0.20174069192318722,86.32642484092955,1.2442690215839125,1.3357132428242229,0
2024-05-29,114.77283477783203,0.040610311053882166,92.79438812255859,85.59501406041588,-0.40581469972116135,0,0.203792904638044,87.08262116586076,1.2368510326965605,1.3408822469124364,0
2024-05-30,110.44979858398438,0.05369383469734128,94.02674774169923,85.8944692956396,-0.42819529669717843,1,0.1637703459579556,80.57170184021518,1.1746636062261868,1.2858778858488311,0
2024-05-31,109.58319854736328,0.05134198897616202,95.10629730224609,86.17647797720772,-0.43268173291684753,2,0.05620472678688815,77.97128853175354,1.1522181144231687,1.271613799026995,0
2024-06-03,114.94775390625,0.02637718018668683,96.1964013671875,86.51496357637293,-0.40490913373906523,0,0.08012651441711771,80.6294912615218,1.1949277963890503,1.3286459261440642,0
2024-06-04,116.38410949707031,0.022079921788752583,97.34308013916015,86.8622792266136,-0.39747304156890306,0,0.02226511360602501,80.85828615110397,1.1956074261333154,1.3398693947857123,0
2024-06-05,122.38438415527344,0.04207952189102711,98.78394500732422,87.27057928326487,-0.36640928849143223,0,0.0663183879022875,82.06281199679887,1.2389096643811845,1.4023555837533217,0
2024-06-06,120.94303131103516,0.05858214961001515,100.30153564453126,87.65322078358044,-0.3738712517183516,1,0.09500454379798517,79.905246895332,1.205794413154923,1.379789929335839,0
2024-06-07,120.83308410644531,0.030642049526664793,101.70373840332032,88.02602823664633,-0.3744404544648072,2,0.10266067890160802,83.21213333706925,1.188088913971529,1.3726972183909236,0
2024-06-10,121.73467254638672,0.05059397024948193,103.0231787109375,88.40056872897678,-0.369772881350041,5,0.05904350811127679,82.6444201147383,1.1816241167237709,1.3770801963911277,0
2024-06-11,120.8650131225586,0.03391644080370974,104.17385375976562,88.75732086516999,-0.374275156186137,6,0.038500991628939385,80.66472579007,1.1602240750475095,1.3617469741584804,0
2024-06-12,125.15339660644531,0.03502354659597311,105.55947509765625,89.15293038409689,-0.35207395820216775,0,0.022625537320666078,83.2615409397865,1.1856197322946342,1.4038057534087538,0
2024-06-13,129.561767578125,0.020403426865304195,107.12710815429688,89.58743400983913,-0.32925157837144897,0,0.07126277697575323,81.45164334368594,1.2094209375232563,1.4462046938848099,0
2024-06-14,131.8309326171875,0.034779845953867294,108.85207794189454,90.0368329311939,-0.3175039857226525,0,0.09101686505869422,81.2692159642485,1.2111016630069213,1.4641889138629813,0
2024-06-17,130.93125915527344,0.03120530660251525,110.4958416748047,90.4673005756579,-0.32216164489047816,3,0.07554615637859774,75.04506822315537,1.1849428645524172,1.447277174428074,0
2024-06-18,135.529541015625,0.04300746847566058,112.30270568847656,90.93669891357422,-0.29835608590739154,0,0.12132980019781558,77.4724989543655,1.2068234704120022,1.490372342902304,1
2024-06-20,130.7313232421875,0.08040050063671057,113.8793783569336,91.3469527726321,-0.3231967241475467,2,0.04456871956326047,76.51011543688627,1.1479806539901776,1.4311514426494927,0
2024-06-21,126.52289581298828,0.04979548217658369,115.15681365966798,91.70589096692143,-0.34498398522340035,3,-0.02345500391004085,70.36302592775066,1.098700908718362,1.3796594142313654,0
2024-06-24,118.0660400390625,0.05209346218945928,116.1068099975586,91.97215509896327,-0.38876559432255514,6,-0.10441322309458045,53.48906534160948,1.01687437663256,1.2837150538880149,0
2024-06-25,126.04306030273438,0.059240928102019405,117.45105285644532,92.31286415100098,-0.3474681201434497,7,-0.0373340857185378,59.427557326329136,1.0731539414703302,1.3653899861297678,0
2024-06-26,126.35296630859375,0.0437643444324806,118.71569366455078,92.94643966674805,-0.3458637196465358,8,-0.06770903699860753,54.35755015492729,1.064332460252671,1.3594169584291997,0
2024-06-27,123.94384765625,0.028122526479255734,119.85974060058594,93.52460960388184,-0.358335859875721,9,-0.05191927548505959,53.22636397983874,1.0340740521813219,1.325253836195704,0
2024-06-28,123.4940185546875,0.039813766347499384,121.00322662353516,94.0665771484375,-0.3606646499618372,10,-0.023939360847207602,52.84017822795498,1.0205845083693652,1.3128363154940075,0
2024-07-01,124.25373840332031,0.04867574671918117,121.82330200195312,94.62722640991211,-0.35673153837440025,13,0.05240879055662906,52.696920822288085,1.0199505050464666,1.3130865514864636,0
2024-07-02,122.62435150146484,0.019648352487231163,122.47145050048829,95.1528313446045,-0.3651669642957298,14,-0.027123340174844746,51.85340394593398,1.001248462399618,1.288709434797266,0
2024-07-03,128.2322540283203,0.05687981226898916,123.04677093505859,95.73909294128418,-0.33613454339836196,15,0.014873316983605722,53.15573907660663,1.0421423744309268,1.3393928236500408,0
2024-07-05,125.7831802368164,0.024886213429830877,123.48718475341796,96.27595619201661,-0.34881353358821526,17,0.014840047451711191,45.964994380923066,1.0185929858874274,1.30648591000176,0
2024-07-08,128.1522979736328,0.02925722346406598,124.1952847290039,96.835361328125,-0.3365484803064776,20,0.03772068860875599,46.080097817479995,1.0318612196369867,1.3234039323650675,0
2024-07-09,131.33111572265625,0.0396625484131445,125.06520141601563,97.42775382995606,-0.3200915653719342,21,0.05695906948379448,50.406344462876355,1.0501011811095058,1.3479846405149898,0
2024-07-10,134.85980224609375,0.0199955827723568,125.86168334960938,98.03772216796875,-0.30182336048201214,22,0.09977994252212419,49.30426986695342,1.0714921225985041,1.3755909385066847,0
2024-07-11,127.35258483886719,0.06703492334973529,126.30042236328126,98.58503219604492,-0.3406886393435656,23,-0.006859968235907732,46.67715711146813,1.0083306330723072,1.291804465667927,0
2024-07-12,129.19189453125,0.03664429400853981,126.57272277832031,99.15118515014649,-0.3311664315494496,24,0.027099921372761404,52.75313666860949,1.020693018965207,1.3029788230530206,0
2024-07-15,128.39218139648438,0.032245704374981,126.87068878173828,99.7409349822998,-0.33530659058653756,27,0.0018718620473034964,62.64999027979244,1.0119924675222942,1.2872566456216705,0
2024-07-16,126.31297302246094,0.03472431773825873,127.08988433837891,100.32968284606933,-0.3460707670961868,28,-0.0382098535642732,50.386506088962165,0.9938869146040811,1.2589790921222828,0
2024-07-17,117.94607543945312,0.04227439075338746,126.93834045410156,100.72415710449219,-0.3893866576759149,29,-0.12541711114017695,40.2186309626949,0.9291603704406403,1.170981012202413,0
2024-07-18,121.04492950439453,0.04792781321639061,126.945537109375,101.14683128356934,-0.37334371914728365,30,-0.04952907192620715,46.68040515853928,0.9535185896303187,1.1967248797447747,0
2024-07-19,117.88611602783203,0.035147451443039636,126.65484588623048,101.53516868591309,-0.3896970708592051,31,-0.08751151567549176,43.95344647603348,0.930766724344088,1.1610372795311803,0
2024-07-22,123.4940185546875,0.034981297364768495,126.41213592529297,101.98349327087402,-0.3606646499618372,34,-0.03815000873511909,49.25838883488595,0.976915844754573,1.2109216363738422,0
2024-07-23,122.54437255859375,0.021094673342852945,126.04067352294922,102.4326961517334,-0.36558101969723517,35,-0.02983541890979846,49.92087741758625,0.9722605341067233,1.1963403987440588,0
2024-07-24,114.20747375488281,0.05462779732199744,125.37172210693359,102.78404739379883,-0.4087416049408268,36,-0.03169755051739298,36.83617516820567,0.9109508255575494,1.111140071350928,0
2024-07-25,112.23820495605469,0.09138352899854951,124.44006866455078,103.08405181884766,-0.418936618201817,37,-0.0727558319410655,37.17097461794389,0.9019458616549926,1.0888028067939537,0
2024-07-26,113.0179214477539,0.03976241518298725,123.73153259277343,103.36228828430175,-0.41489998288955454,38,-0.04129574155220095,35.22060983062016,0.9134124428872931,1.093415435394522,0
2024-07-29,111.54845428466797,0.04380328631011919,123.13255493164063,103.61852325439453,-0.42250749549685623,41,-0.0967299016569747,30.014122170883354,0.9059217064617575,1.0765300525544512,0
2024-07-30,103.69139099121094,0.08473813874374554,122.55756896972656,103.76884010314942,-0.46318394582039846,42,-0.15384616342434154,21.04382693543164,0.8460627267894337,0.9992536380684077,0
2024-07-31,116.9764404296875,0.06607616460273184,122.19490417480469,104.01233558654785,-0.39440651163834173,43,0.024245056682959065,41.2948608249983,0.9572939331606499,1.124640070526561,0
2024-08-01,109.16935729980469,0.11358807319129538,121.50755981445313,104.22914680480957,-0.43482421189651516,44,-0.02734227313642057,34.73090870500775,0.8984573261656363,1.0473975912346924,0
2024-08-02,107.23007202148438,0.07083652971085146,120.8390087890625,104.44409721374512,-0.444863998816962,45,-0.051211784397797055,34.13757560466,0.8873796061060548,1.0266743155626856,0
2024-08-05,100.41261291503906,0.13817077512528916,119.91575256347656,104.52951087951661,-0.48015836088567965,48,-0.09982963404594214,31.873512290919805,0.8373596526601987,0.9606149695924361,0
2024-08-06,104.2112045288086,0.06895219843244743,119.1140512084961,104.66315582275391,-0.4604928424462913,49,0.005013082885942932,39.73095286689689,0.8748859053278131,0.9956818491627494,0
2024-08-07,98.8731918334961,0.09377609534641601,118.16400482177734,104.77284729003907,-0.48812802878978595,50,-0.15475978350591846,33.960084089271334,0.8367454368411352,0.9436909885610805,0
2024-08-08,104.9309310913086,0.0782353270287607,117.23195190429688,104.94418556213378,-0.45676677830850526,51,-0.03882432134189795,41.004990829451536,0.8950710910023036,0.9998736998076245,0
2024-08-09,104.71102142333984,0.030007555729463013,116.38906555175781,105.10714759826661,-0.4579052627970096,52,-0.023492016284758388,35.90398246956238,0.8996637349646494,0.9962312156311118,0
2024-08-12,108.97941589355469,0.04524075971030977,115.62215026855469,105.30336784362792,-0.43580754904006924,55,0.08531600493021885,40.30297920130825,0.9425479083413432,1.0349091213814317,0
2024-08-13,116.09677124023438,0.04135540221374563,115.01277648925782,105.56102615356446,-0.39896060758354535,56,0.11405267567116617,51.37454645084885,1.0094249941968647,1.0998071491967414,0
2024-08-14,118.03604888916016,0.03821816270943983,114.33982635498047,105.82745208740235,-0.38892086016089505,57,0.1938124652426978,54.22002633743796,1.0323266411364345,1.115363231004322,0
2024-08-15,122.81427001953125,0.04858535314311975,114.15829376220704,106.1131330871582,-0.36418374564556544,58,0.17042962205930468,56.738173416155846,1.0758243310412006,1.1573899143912303,0
2024-08-16,124.53363800048828,0.031326878943271984,113.97196350097656,106.40888114929199,-0.35528248271141943,59,0.18930783319367017,58.90093465373046,1.0926690580304097,1.1703312416730254,0
2024-08-19,129.9516143798828,0.0529449782401416,114.0343408203125,106.78320770263672,-0.3272333199620126,62,0.1924418323806456,68.62328840055648,1.139583159292793,1.2169667607454164,1
2024-08-20,127.20264434814453,0.031074810613938,114.06992767333985,107.15314422607422,-0.34146488953967213,63,0.09566048210702793,58.52643465797227,1.1151286490898165,1.187110702787866,0
2024-08-21,128.45217895507812,0.021127886018331522,114.49017181396485,107.53451652526856,-0.3349959799142645,64,0.08824532982884792,68.05166380785101,1.1219493946065533,1.1945204489285477,0
2024-08-22,123.69395446777344,0.05883711178664544,114.5961328125,107.86823661804199,-0.35962957070476864,65,0.007162721792038473,64.64001882211957,1.079390302551999,1.1467134195005877,0
2024-08-23,129.32183837890625,0.0348006106910208,115.05356170654296,108.2673413848877,-0.3304937050781685,66,0.03844905244315755,76.26227243970584,1.1240142109529485,1.1944676642531595,0
2024-08-26,126.4129409790039,0.0531758228817052,115.17031860351562,108.64223495483398,-0.3455532274676525,69,-0.02723069980904147,70.50030729052042,1.0976173593318956,1.1635708804366716,0
2024-08-27,128.25225830078125,0.042542979328215415,115.39863403320312,109.06609786987305,-0.3360309801757399,70,0.008251510477753854,79.00142748756315,1.1113845443255403,1.1759131462995884,0
2024-08-28,125.5632553100586,0.04441150997704752,115.85286529541015,109.44205017089844,-0.34995209707231273,71,-0.022490265782333152,71.818217023618,1.0838165719068593,1.1473035740283208,0
2024-08-29,117.54623413085938,0.06361240261929123,116.06518646240234,109.74657836914062,-0.3914566581988657,72,-0.049701057447522734,61.65154508570204,1.0127604815328222,1.0710696941774718,0
2024-08-30,119.32557678222656,0.03789842571370875,116.31749267578125,110.0866820526123,-0.3822449030858365,73,-0.07729755254012982,59.83655025700959,1.0258609778911751,1.0839238185523552,0
2024-09-03,107.95980072021484,0.07688990608301664,116.17394653320312,110.29628547668457,-0.44108615306786497,77,-0.1459750885936114,42.84206514999979,0.9292944239383257,0.978816287906961,0
2024-09-04,106.17047119140625,0.08680384762924943,116.27310974121093,110.45224189758301,-0.4503496107966121,78,-0.17217464551453043,39.53447245833055,0.9131128549645733,0.9612341892512509,0
2024-09-05,107.17009735107422,0.04657585950228782,115.88085601806641,110.64248352050781,-0.44517449099584533,79,-0.14648519515972547,35.21631767880717,0.9248300455630554,0.9686161584687316,0
2024-09-06,102.7917251586914,0.06664202625531397,115.62575073242188,110.81078147888184,-0.46784156549042755,80,-0.12552089891491025,30.43710946381283,0.8890037427438578,0.9276328872229939,0
2024-09-09,106.43038177490234,0.027269266640435108,115.5937631225586,111.00133239746094,-0.44900403936066025,83,-0.10806731762846122,28.13603623192415,0.9207277183463545,0.9588207589599784,0
2024-09-10,108.05976104736328,0.041276362845831416,115.89964904785157,111.24196182250977,-0.44056865293712727,84,0.0009259032202875161,31.82765248906007,0.9323562403778166,0.9713938812026366,0
2024-09-11,116.86649322509766,0.08931350513733963,116.40586059570313,111.56430145263671,-0.39497571438479734,85,0.10074385008999731,40.38174105447998,1.0039571257584219,1.047525881517861,0
2024-09-12,119.10585021972656,0.04630266887773723,117.21516693115234,111.99370613098145,-0.38338243962722296,86,0.11137204466235096,46.024772097915466,1.016130022573655,1.0635048551784432,0
2024-09-13,119.06585693359375,0.019818614159074554,117.78056396484375,112.38954597473145,-0.3835894870768739,87,0.15832141886691842,40.16133607784322,1.0109126066770544,1.0594033092754316,0
2024-09-16,116.74652099609375,0.0327082769490445,118.2619839477539,112.73315559387207,-0.3955968172359537,90,0.0969285184282227,40.620816093089104,0.9871855443222595,1.0356005771423633,0
2024-09-17,115.5568618774414,0.03359567810966113,118.52508178710937,113.0923161315918,-0.40175574815383347,91,0.06937920977626533,37.52456647030483,0.9749570313311458,1.0217923359442203,0
2024-09-18,113.3375015258789,0.038657310821758696,118.41471099853516,113.39974655151367,-0.4132454991865824,92,-0.030196779263509943,37.874149047293166,0.9571234905710402,0.9994511008399257,0
2024-09-19,117.83621215820312,0.020536887034053524,118.40671752929687,113.70115715026856,-0.38995542594660815,93,-0.010659745589164715,50.309187006076044,0.9951818158378338,1.0363677478011033,0
2024-09-20,115.96674346923828,0.027592716763186573,118.13281646728515,113.9836531829834,-0.39963376853058874,94,-0.02602856557009392,46.425537753795524,0.9816640873990613,1.0173980235838846,0
2024-09-23,116.22667694091797,0.01827539423119602,117.80053802490234,114.28229232788085,-0.39828807860124715,97,-0.0044527584268928555,61.52084276962269,0.9866396103925122,1.0170138747957433,0
2024-09-24,120.8353500366211,0.05509788863113445,117.43588745117188,114.66061317443848,-0.3744287236192242,98,0.04567870806995433,68.94821442759616,1.0289473912892484,1.053852292354208,0
2024-09-25,123.47459411621094,0.02729062385401991,117.28676544189453,115.0375789642334,-0.3607652113519195,99,0.08944164512059039,70.21041093921262,1.0527581151292125,1.073341383119691,0
2024-09-26,124.00444030761719,0.046293335772172275,117.1088558959961,115.39013671875,-0.35802216837531503,100,0.05234577755378633,79.06779177271949,1.0588818356977634,1.074653725472772,0
2024-09-27,121.36520385742188,0.03847702344194067,117.01570587158203,115.68280738830566,-0.3716856411448231,101,0.04655179775411744,71.04152222727424,1.0371702067978223,1.0491204924690534,0
2024-09-30,121.40518951416016,0.028315430168629578,116.69903991699219,115.99173065185546,-0.3714786331929687,104,0.04455528377426288,69.68379215354423,1.0403272349156893,1.0466710758765465,0
2024-10-01,116.9664535522461,0.05461116620846647,116.32118041992187,116.25768577575684,-0.39445821425405964,105,-0.03201791928605713,50.1692433368348,1.0055473399598833,1.0060965240427748,0
2024-10-02,118.81593322753906,0.03641358446297817,115.94372741699219,116.55877822875976,-0.3848833558971079,106,-0.03772971210812215,49.502573006574416,1.0247724122256048,1.0193649507405558,0
2024-10-03,122.81478118896484,0.03324515657736222,115.83378845214844,116.88855438232422,-0.3641810992931948,107,-0.009593681610925886,55.66293907804702,1.0602673264001918,1.0506998040822446,0
2024-10-04,124.88418579101562,0.025692324489733017,116.12730651855469,117.23381683349609,-0.35346767745214563,108,0.028994982266315805,62.38587465441898,1.0754075809987187,1.0652573563171208,0
2024-10-07,127.68339538574219,0.04552366220221845,116.46161926269531,117.5975057220459,-0.33897601488403367,111,0.051712829547947425,67.59501669227869,1.0963560028968393,1.0857661869762387,0
2024-10-08,132.85189819335938,0.031168414937870117,117.4573031616211,117.9801545715332,-0.31221839058486284,112,0.1358119713702155,76.08229463001413,1.1310654562752505,1.1260529253910174,0
2024-10-09,132.61196899414062,0.023413611030928972,118.51496307373047,118.36311294555664,-0.31346051729158236,113,0.11611267438502026,72.28587499211756,1.1189470557539654,1.1203825726950762,0
2024-10-10,134.7713623046875,0.030323704714966846,119.619013671875,118.78645668029785,-0.3022812189399202,114,0.09735457735601116,78.11659913079843,1.1266717402835027,1.1345684185816862,0
2024-10-11,134.76136779785156,0.01581967915892549,120.8977993774414,119.1867008972168,-0.30233296105343466,115,0.07909073470170735,77.92169491003352,1.1146718012387329,1.130674536532947,0
2024-10-14,138.0304412841797,0.024181160857622782,122.1618017578125,119.61357856750489,-0.2854087871853981,0,0.0810367383102415,76.99311505167125,1.1298985386432576,1.1539696657957699,0
2024-10-15,131.56228637695312,0.07129906563570522,123.10190277099609,119.98013275146485,-0.3188947821356838,1,-0.009707138806020588,61.33371480525901,1.068726668032871,1.0965339290754108,0
2024-10-16,135.68109130859375,0.03761750594754548,123.85448669433593,120.29942512512207,-0.2975715016762075,2,0.02314362977740525,64.86761113293598,1.0954878981771976,1.1278615102896243,0
2024-10-17,136.8907470703125,0.02885032566466186,124.56588256835937,120.60412620544433,-0.2913090470335022,3,0.01572577979017198,70.51517282650249,1.0989425374575537,1.135041987179813,0
2024-10-18,137.96043395996094,0.011682376423008296,125.32166564941406,120.84523811340333,-0.2857712189667787,4,0.02373874808771692,71.2962750320387,1.1008506250300223,1.1416290464875116,0
2024-10-21,143.66880798339844,0.04133791726650182,126.39855712890625,121.13419784545898,-0.2562186515863026,0,0.04084871892577935,83.26276103466333,1.1366332911291013,1.1860301264114428,1
2024-10-22,143.54884338378906,0.01847316018471551,127.51823638916015,121.46518829345703,-0.2568397149396624,1,0.09110936984244833,82.19676684787532,1.1257122702489917,1.1818105697657046,0
2024-10-23,139.51998901367188,0.034992508657533866,128.5655358886719,121.76455619812012,-0.27769731637750855,2,0.02829353499484255,71.72950197061417,1.08520520720643,1.1458177434381014,0
2024-10-24,140.3697509765625,0.020522647630564293,129.46687744140624,122.01877616882324,-0.2732980517948826,3,0.025414456277772057,70.80310494225995,1.084213613169829,1.1503946800970135,0
2024-10-25,141.49942016601562,0.023628766083281964,130.48818450927735,122.2699292755127,-0.2674496920514792,4,0.025652182328462114,69.4319194881262,1.0843849249504687,1.1572708106109462,0
2024-10-28,140.479736328125,0.02160836599923523,131.45830688476562,122.4508827972412,-0.2727286515594441,7,-0.022197383691259898,62.14585187978401,1.0686257845330949,1.147233348743893,0
2024-10-29,141.20950317382812,0.02395039397784105,132.27327301025392,122.65354751586914,-0.2689506083213642,8,-0.016296475504901986,63.479630124047965,1.0675588496466817,1.151287557790028,0
2024-10-30,139.300048828125,0.02522577355470431,132.90629119873046,122.83821716308594,-0.2788359588571992,9,-0.0015764062705403425,57.15638077987363,1.0481072609259268,1.1340122971923594,0
2024-10-31,132.72193908691406,0.039970928459569954,133.25499114990234,122.9480898284912,-0.31289119605173704,10,-0.05448333302896147,47.33122050297396,0.9959997591205524,1.0794957389907975,0
2024-11-01,135.36119079589844,0.02034142759058716,133.8148306274414,123.09305160522462,-0.29922764428663584,11,-0.04337989062368908,46.44849946605273,1.0115559700012797,1.0996655703200806,0
2024-11-04,136.01100158691406,0.024706648376730995,134.39906311035156,123.2016276550293,-0.29586353795667153,14,-0.03181052910558646,57.00345763757405,1.0119936734621355,1.1039708173965985,0
2024-11-05,139.86988830566406,0.022117085148263264,135.3152005004883,123.3047088623047,-0.2758858684309437,15,-0.00948671893927,56.6486876618171,1.0336598385719373,1.1343434455683101,0
2024-11-06,145.56826782226562,0.03168717519973004,136.38529388427733,123.44208221435547,-0.24638504316398205,0,0.04499796695602498,62.05557661308444,1.06733111522845,1.1792434574255508,0
2024-11-07,148.8373260498047,0.018853709395063412,137.42619567871094,123.62114288330078,-0.2294609482915386,0,0.12142217838105362,64.24086087497143,1.0830346086110967,1.2039795343933049,1
2024-11-08,147.58767700195312,0.023593531389544613,138.33433532714844,123.74172424316406,-0.23593045038389487,1,0.09032490135588533,55.80912253019499,1.0668911420503187,1.1927074550208265,0
2024-11-11,145.21835327148438,0.03551250362791368,139.03573364257812,123.88659454345704,-0.24819657010614005,4,0.06769563915523857,52.320074572841044,1.044467846264616,1.1721877884095406,0
2024-11-12,148.24746704101562,0.024799014987877524,139.65155639648438,124.10384025573731,-0.2325146809360093,5,0.059895513157511404,62.47498303121036,1.0615525588567494,1.1945437525182638,0
2024-11-13,146.22808837890625,0.023009376575062676,140.196201171875,124.38546073913574,-0.24296911572491017,6,0.004532722457385008,58.102921958417895,1.043024612340504,1.1756043472442443,0
2024-11-14,146.71792602539062,0.023367630469416648,140.67406372070312,124.5922093963623,-0.2404331991935498,7,-0.014239707744446162,57.347999539353474,1.0429635864979852,1.1775850732258892,0
2024-11-15,141.9392852783203,0.03561816688083254,140.96118041992187,124.74807258605956,-0.2651724860876911,8,-0.038271431859165705,51.85841443848501,1.0069388242598756,1.137807441316587,0
2024-11-18,140.10980224609375,0.03154128426719312,141.04435485839844,124.90973213195801,-0.2746438207198173,11,-0.03517841175240599,48.63791785701596,0.9933740516361471,1.1216884373595324,0
2024-11-19,146.9678497314453,0.04344748847600867,141.66057739257812,125.14447044372558,-0.2391393303733158,12,-0.00863163017292079,58.460186949496155,1.0374647092123546,1.174385485913524,0
2024-11-20,145.84817504882812,0.032765766983670404,142.0672607421875,125.36041481018066,-0.2449359480032047,13,-0.002598087236794666,66.46602880594632,1.0266135511228158,1.1634308586938693,0
2024-11-21,146.62796020507812,0.08162036788239069,142.45674926757812,125.6004508972168,-0.24089895721077303,14,-0.000613189013433324,64.8250597215524,1.0292805427538232,1.1674158743671141,0
2024-11-22,141.90931701660156,0.041526744759437594,142.61470458984374,125.7372215270996,-0.2653276334326413,15,-0.00021113437100928056,57.01047022048182,0.9950538931082117,1.1286182030514842,0
2024-11-25,135.9810028076172,0.04387629753165266,142.3071923828125,125.83919975280762,-0.2960188432928081,18,-0.029468312511244488,45.59456181739234,0.9555455387091216,1.0805933530627312,0
2024-11-26,136.88075256347656,0.026361691817443522,142.04046875,125.92648429870606,-0.29136078914701663,19,-0.06863471967781343,38.95805478528576,0.9636743230156128,1.0869893916738456,0
2024-11-27,135.3011932373047,0.04014516250254989,141.8717169189453,125.96618507385254,-0.29953825495890885,20,-0.07231480138844681,32.02334624042203,0.9536868670913843,1.0741072547206152,0
2024-11-29,138.2103729248047,0.024126356786145255,141.785341796875,125.99969078063965,-0.28447727115095156,22,-0.057407790904956735,38.0722376177975,0.9747860475084096,1.0969104135773107,0
2024-12-02,138.59027099609375,0.018943957281106455,141.66897583007812,126.11206764221191,-0.2825105178682502,25,-0.023388499714360078,41.11976736864399,0.9782683201036403,1.0989453554062987,0
2024-12-03,140.2198028564453,0.018732796476153113,141.65857849121093,126.22234672546386,-0.27407434148878573,26,0.03117200168633172,38.825548473153546,0.9898433568225105,1.1108952296808916,0
2024-12-04,145.098388671875,0.0387323943661973,141.8141339111328,126.38940879821777,-0.24881763345949984,27,0.06003500093694791,48.54341044520063,1.0231588676682979,1.1480264845888024,0
2024-12-05,145.02841186523438,0.01784850339050899,142.0432684326172,126.5765631866455,-0.24917990724969416,28,0.07189307348434926,47.797764429770474,1.0210157332026846,1.1457761864760099,0
2024-12-06,142.40899658203125,0.030359607222324354,142.43075073242187,126.82119239807129,-0.262740764743698,29,0.03037849886644106,50.64877530830684,0.9998472650724738,1.1229116671213148,0
2024-12-09,138.77975463867188,0.020292092110952512,142.56749328613282,126.99854064941407,-0.28152955059249063,32,0.001367221820234965,48.24991908741851,0.9734319615211375,1.0927665304578613,0
2024-12-10,135.04058837890625,0.05776573164090775,142.5286767578125,127.1700853729248,-0.30088742069434915,33,-0.036936398226443456,32.90278891468422,0.9474625840270015,1.0618895786922002,0
2024-12-11,139.27964782714844,0.03610943093359545,142.50506713867188,127.32794166564942,-0.2789415759652432,34,-0.04010203626647457,41.35722531747226,0.977366283344965,1.0938655412563176,0
2024-12-12,137.31008911132812,0.019258822252585843,142.17473999023437,127.47559883117675,-0.2891380901425033,35,-0.05321938408232996,38.11189137920562,0.9657840001730238,1.0771480218200484,0
2024-12-13,134.22076416015625,0.05081339206367271,141.59007751464844,127.67573173522949,-0.3051316959232112,36,-0.05749799955340862,39.765125413912834,0.9479531794611117,1.0512629325555751,0
2024-12-16,131.9712371826172,0.029661618309638177,140.965419921875,127.87306205749512,-0.3167776212436213,39,-0.04905987529507749,44.08271019367019,0.936195822037472,1.0320487760219539,0
2024-12-17,130.36160278320312,0.036641071049056305,140.37114990234375,128.0464988708496,-0.3251107873696158,40,-0.03464873525709544,40.57699187339739,0.9286922766814671,1.0180801812838989,0
2024-12-18,128.88192749023438,0.06290152495557502,139.5965283203125,128.21983360290528,-0.3327711480287361,41,-0.07465355132013285,40.69449796124936,0.9232459362779221,1.005163740029328,0
2024-12-19,130.65151977539062,0.03400118332053078,138.97346557617186,128.48943489074708,-0.32360987109973083,42,-0.048492935799778536,38.66813007229949,0.9401184552297147,1.016826946795135,0
2024-12-20,134.670654296875,0.05438716348027818,138.49157470703125,128.66637702941895,-0.30280258985472236,43,0.0033518669002803314,44.701992764832305,0.9724104486627498,1.0466654724107387,0
2024-12-23,139.6395721435547,0.03426767105060158,138.39958618164061,128.97107917785644,-0.27707822791397757,46,0.058106108002354606,49.28066073428373,1.0089594629299445,1.0827200410642912,0
2024-12-24,140.18946838378906,0.023214285714285687,138.40277282714842,129.30067314147948,-0.27423138472797154,47,0.07538926640024579,43.18245681699221,1.0129093913376435,1.084212981864334,0
2024-12-26,139.89952087402344,0.022333646701026857,138.12003967285156,129.69554222106933,-0.27573245898904286,49,0.08548594514637342,42.92021698076249,1.01288358449206,1.0786764022741904,0
2024-12-27,136.9801483154297,0.031107884977697668,137.76531860351562,130.02323165893554,-0.29084621185322557,50,0.048438996736654305,42.56771125573374,0.9943006680052355,1.0535051818642907,0
2024-12-30,137.46005249023438,0.04635466821272755,137.3986022949219,130.40910026550293,-0.28836172145300704,53,0.02071273959366282,48.022782534426646,1.0004472403233082,1.0540679462581695,0
2024-12-31,134.26075744628906,0.030717999932345367,137.09265991210938,130.70239852905274,-0.30492464847356027,54,-0.03851927225712204,48.81242235909381,0.9793431503361605,1.0272248937837614,0
2025-01-02,138.27987670898438,0.03125000000000009,137.18461486816406,131.03808708190917,-0.2841174462241449,56,-0.013621505929225064,48.46721523553573,1.0079838533050727,1.0552647691090646,0
2025-01-03,144.43853759765625,0.03692592223259384,137.48692626953124,131.3926782989502,-0.25223371888975804,57,0.03244483394421405,59.684865099740605,1.050561980813339,1.09928908876508,0
2025-01-06,149.39744567871094,0.029207863549720856,138.0507763671875,131.72568504333495,-0.22656117805812084,0,0.09065034252034421,69.6225232117823,1.0821919992781754,1.1341557694656312,1
2025-01-07,140.10946655273438,0.0857348917247169,138.12674011230467,131.9464192199707,-0.27464555862286666,1,0.019274065552159048,58.90201568739771,1.0143543997260605,1.0618663801641701,0
2025-01-08,140.07948303222656,0.044816940016735585,138.18630859375,132.11907135009767,-0.27480078496341004,2,0.04333898971384298,61.01041827663981,1.0137001592830897,1.0602517986296989,0
2025-01-10,135.8804168701172,0.04146960403635776,138.01273315429688,132.23253913879395,-0.296539582242865,4,-0.017352198280570885,57.46907434241145,0.9845498582960763,1.0275868387242746,0
2025-01-13,133.20098876953125,0.030617823048999133,137.53683715820313,132.26503288269043,-0.31041112940473503,7,-0.07780159654778551,52.66906370468253,0.9684750029282372,1.0070763667950768,0
2025-01-14,131.73129272460938,0.046527024542928945,137.00495239257813,132.31031936645508,-0.318019826945934,8,-0.11824936412965048,46.74922558822557,0.9615075252691782,0.9956237227404614,0
2025-01-15,136.21034240722656,0.03860833443887723,136.75700622558594,132.38790100097657,-0.2948315395277359,9,-0.027829127049315172,46.165914309793614,0.9960026631655153,1.028873041851625,0
2025-01-16,133.54090881347656,0.03793994900456328,136.54745239257812,132.48637054443358,-0.3086513445760915,10,-0.046677601010604364,42.90288028521392,0.977981694082013,1.0079595981436393,0
2025-01-17,137.6800079345703,0.022240055833168598,136.6530291748047,132.56995223999024,-0.28722299997772327,11,0.01324393246580402,47.81065601751258,1.00751522864855,1.0385461079847822,0
2025-01-21,140.79933166503906,0.03406155050608606,136.7138165283203,132.71381614685058,-0.2710740888608788,15,0.05704419288249207,53.75246847281216,1.029883703348099,1.0609244444394674,0
2025-01-22,147.03799438476562,0.028480540667002948,137.10293273925782,132.90167350769042,-0.23877618763159678,16,0.11619639755722777,58.45395403160811,1.072464253295021,1.1063667635175203,1
2025-01-23,147.1879425048828,0.024198513843419187,137.62161987304688,133.11792037963866,-0.23799989793769366,17,0.08059299979466061,62.05931068016997,1.0695117717743816,1.1056959279796281,0
2025-01-24,142.58892822265625,0.04778591744436412,138.04632751464842,133.36834732055664,-0.2618092487092515,18,0.06775466401698305,53.976735370044615,1.032906349555194,1.0691362012602401,0
2025-01-27,118.39421081542969,0.09374997325432685,137.5676318359375,133.35903366088868,-0.3870666361006385,21,-0.1400769611250009,31.967336603251,0.8606254918789766,0.8877854582876461,0
2025-01-28,128.9619140625,0.1046712113582213,137.57083129882812,133.5690547943115,-0.33235705312943414,22,-0.08407296726876679,36.870524085749324,0.9374219290888194,0.9655074243139158,0
2025-01-29,123.67305755615234,0.05407111729557799,137.2916928100586,133.744080657959,-0.3597377551695901,23,-0.15890407731944745,38.867839082818904,0.900805103534214,0.9246992984492333,0
2025-01-30,124.62285614013672,0.056052003342059106,136.88978088378906,133.9186082458496,-0.35482059547826067,24,-0.1533079814876651,39.66026115211478,0.9103883090143434,0.9305865538219481,0
2025-01-31,120.04385375976562,0.06996280593083413,136.1059521484375,134.09112953186036,-0.37852634352939984,25,-0.15811237761522345,39.4596804710003,0.8819882735829621,0.8952408274795159,0
2025-02-03,116.63459777832031,0.048453137765522826,135.16375732421875,134.19317169189452,-0.3961762499117224,28,-0.014862323292584967,39.08001767804119,0.8629132549086191,0.869154490558667,0
2025-02-04,118.62416076660156,0.038474692503630635,134.31274291992187,134.29881568908692,-0.38587617251184025,29,-0.08016128925388277,41.419049634091195,0.8831936433412432,0.8832852334396343,0
2025-02-05,124.80281066894531,0.03482258368413655,133.8256494140625,134.3781788635254,-0.35388896095042444,30,0.009134997833137648,42.69431969783024,0.9325776576865312,0.9287431316932429,0
2025-02-06,128.65196228027344,0.02793914015967955,133.47332580566408,134.47363998413087,-0.33396169061312747,31,0.03233039480018052,46.915598042937994,0.9638776999352627,0.9567076662419159,0
2025-02-07,129.8117218017578,0.04155699633538731,133.2953643798828,134.5810986328125,-0.32795755156002865,32,0.08136916415179285,44.84205148025848,0.9738652383424464,0.964561317454635,0
2025-02-10,133.54090881347656,0.03874235858260868,133.1058056640625,134.74904251098633,-0.3086513445760915,35,0.14495108104448517,45.27958239375766,1.003268851777301,0.9910341945664567,0
2025-02-11,132.77108764648438,0.026097385784374406,132.63910766601563,134.92118476867677,-0.312636751246195,36,0.11925839380830294,40.01118751784105,1.000995030672259,0.9840640509799944,0
2025-02-12,131.11143493652344,0.02430398060507266,131.90766723632814,135.0989241027832,-0.32122886492654124,37,0.05054873551135408,38.977237821908304,0.9939637147977293,0.9704846711937832,0
2025-02-13,135.26052856445312,0.04051384866194476,131.71370971679687,135.2731672668457,-0.2997487782146585,38,0.05136778457978486,44.944132960816226,1.0269282435008658,0.9999065690362108,0
2025-02-14,138.81976318359375,0.027476554201293343,131.66332092285157,135.50169746398925,-0.2813224241472465,39,0.06939312765292938,69.70105404198566,1.0543541072075457,1.024487263124407,0
2025-02-18,139.36964416503906,0.039003394910345476,131.80289001464843,135.73312713623048,-0.27847565995683365,43,0.04364756390645641,62.44321405441892,1.057409622425955,1.0267916691049102,1
2025-02-19,139.19967651367188,0.029675288887245767,132.04283752441407,135.91677040100097,-0.279355591868952,44,0.048418590079673196,71.1522683104232,1.0542008875561655,1.0241537972318295,0
2025-02-20,140.07948303222656,0.027637009281676426,132.37676513671875,136.08281929016113,-0.27480078496341004,45,0.06840019789307417,71.09714953848153,1.0581878389878498,1.0293693484814097,0
2025-02-21,134.4007110595703,0.05305632884021317,132.3043798828125,136.18678199768067,-0.30420010089317157,46,-0.006356751034527375,69.02487917498891,1.0158447602310265,0.986885137368612,0
2025-02-24,130.2516326904297,0.06231689117586983,132.1728088378906,136.27564628601075,-0.3256801086094611,49,-0.06172125853458221,67.69750713527594,0.9854646642955341,0.9557953767987416,0
2025-02-25,126.6024169921875,0.0443144691196168,131.72970520019533,136.32761856079102,-0.3445722996896895,50,-0.09160694388896362,59.94019869637113,0.9610772057812195,0.9286630128856328,0
2025-02-26,131.2514190673828,0.04031071630849768,131.34778869628906,136.4704682159424,-0.32050415935496623,51,-0.057099683313620364,58.35276836551248,0.9992663018550767,0.961756933812953,0
2025-02-27,120.12383270263672,0.11111105459707757,130.2712222290039,136.48354721069336,-0.3781122881278945,52,-0.14245948012956944,40.70606065493978,0.92210567036418,0.8801341638431942,0
2025-02-28,124.89279174804688,0.07363154600227023,129.37941619873047,136.5043273162842,-0.353423123937608,53,-0.07074307298351457,45.03030529135505,0.9653219609231193,0.914936502039726,0
2025-03-03,114.03515625,0.09246213238948166,128.23726531982422,136.395837020874,-0.4096337021742905,56,-0.12450113757093195,32.774158616983485,0.8892513105733805,0.8360603867444141,0
2025-03-04,115.96473693847656,0.08314502323879766,128.14008636474608,136.27865043640136,-0.3996441564510882,57,-0.08402430464157229,35.45596412944499,0.9049840703898635,0.8509384013352487,0
2025-03-05,117.27445220947266,0.03206324701783339,127.672587890625,136.1228759765625,-0.3928636882062897,58,-0.10649002469630109,37.95265692511938,0.918556239417186,0.8615337530016985,0
2025-03-06,110.5459213256836,0.04518627066481982,127.14750244140625,135.90221549987794,-0.4276976639581184,59,-0.07973364786539061,29.40688470386064,0.8694305369987648,0.8134225105828601,0
2025-03-07,112.66545867919922,0.05321353526597603,126.66920654296875,135.68115646362304,-0.4167247020957689,60,-0.09790263231135488,27.671568751971108,0.8894463125967464,0.8303692392937816,0
2025-03-10,106.95670318603516,0.05814376069998267,126.14572052001954,135.40310981750488,-0.4462792443660738,63,-0.06207255110386056,24.568568320257143,0.8478821377778007,0.7899131957175168,0
2025-03-11,108.73631286621094,0.06981962211285106,125.82978912353515,135.1101685333252,-0.4370661068301644,64,-0.062332949335284216,26.68707608821056,0.864153978351323,0.8047974038267216,0
2025-03-12,115.7254409790039,0.03399934095189733,125.71384033203125,134.9518000793457,-0.40088300484069195,65,-0.013208428615824608,32.95611606999363,0.9205465418394163,0.857531658791972,0
2025-03-13,115.56546020507812,0.03392293653006032,125.34434631347656,134.75064376831054,-0.4017112341370924,66,0.04540682115811645,35.71492220776675,0.9219838277831678,0.857624549859522,0
2025-03-14,121.65469360351562,0.03144756519977232,125.06445556640625,134.59828323364258,-0.3701869367515464,67,0.07978696425416532,43.666283921768944,0.9727359628485319,0.9038354032520697,0
2025-03-17,119.51496124267578,0.03959589942103249,124.65258514404297,134.4138285064697,-0.3812644492814324,70,0.1174144086584028,44.659600993062064,0.9587844576554078,0.8891567375965576,0
2025-03-18,115.41547393798828,0.03796606548761907,123.92756774902344,134.13129516601563,-0.40248772131997845,71,0.06142530398281365,37.967973398000375,0.9313139605202795,0.8604664093874395,0
2025-03-19,117.50521087646484,0.04067533708203987,123.31693267822266,133.8708588409424,-0.39166903785105445,72,0.015379244895544097,47.693641689965794,0.9528716642918564,0.8777504820229601,0
2025-03-20,118.51508331298828,0.03200339450770014,122.81307861328125,133.66080978393555,-0.38644087250948617,73,0.02552339689277283,43.98448978922158,0.9650037654879846,0.8866853605373891,0
2025-03-21,117.68518829345703,0.021977079195905944,122.1100650024414,133.4339641571045,-0.3907372848298285,74,-0.032629282048053154,54.24592209826299,0.9637632106010597,0.881973259483583,0
2025-03-24,121.39472961425781,0.024024065305276603,121.41306365966797,133.2329172515869,-0.3715327846720743,77,0.015728310096383202,56.06530195952239,0.9998489944586066,0.9111466754497707,1
2025-03-25,120.67481994628906,0.019659914446990674,120.66527069091796,133.03486808776856,-0.3752597967569781,78,0.045568811779316265,53.84892528062534,1.000079138390992,0.9070916646203981,0
2025-03-26,113.74568939208984,0.051629723575342575,119.64711120605469,132.76022994995117,-0.4111322880741775,79,-0.03199450863781217,53.605490248670506,0.9506764371117871,0.8567753267297779,0
2025-03-27,111.41598510742188,0.03403676100645512,118.5005712890625,132.48138931274414,-0.42319329573880393,80,-0.05990037729474729,48.598733297545365,0.9402147508271588,0.8409934835783318,0
2025-03-28,109.65620422363281,0.034083802355087116,117.510791015625,132.25073196411134,-0.4323037785014125,81,-0.06822425307935376,53.32166620948214,0.9331585914441867,0.829153854916962,0
2025-03-31,108.36636352539062,0.06953293778723166,116.63538024902344,131.98078369140626,-0.4389813549861307,84,-0.10732233705916183,49.53923330093681,0.9291037015871344,0.8210768302359062,0
2025-04-01,110.13613891601562,0.03437150610875345,115.97672912597656,131.72203506469725,-0.42981913011000766,85,-0.08733123475936466,41.99827820133422,0.9496399816241001,0.8361253974091777,0
2025-04-02,110.4061050415039,0.048373589310456724,115.1429165649414,131.42739723205565,-0.42842150057816875,86,-0.029360095916023177,42.636983206476565,0.9588614596125338,0.8400539565320968,0
2025-04-03,101.78719329833984,0.03893342378635978,114.40945098876954,130.9895864868164,-0.47304208237439266,87,-0.08642199590838262,23.556036579384397,0.8896746939929928,0.7770632462343435,0
2025-04-04,94.29813385009766,0.08108377662651649,113.18566467285156,130.44419456481933,-0.5118133564800954,88,-0.14005655660133842,20.6197652439935,0.8331278887892221,0.7229001962462941,0
2025-04-07,97.6277084350586,0.17299333880400294,112.52936676025391,129.9445948791504,-0.49457596508521173,91,-0.09909583325471583,28.896793803030064,0.8675753827270387,0.751302572653008,0
2025-04-08,96.28788757324219,0.10971967688583698,111.74229278564454,129.45529022216797,-0.5015122916352989,92,-0.12573757786563977,24.371983912850283,0.8616960075980491,0.7437926052152468,0
2025-04-09,114.31561279296875,0.17767215899753971,111.62393920898438,129.1159716796875,-0.40818176317215965,93,0.0354102497320703,46.40534067477585,1.0241137663037045,0.8853715873088446,0
2025-04-10,107.55646514892578,0.10706774060896335,111.50436096191406,128.7292554473877,-0.44317424358164753,94,0.05667974195610359,42.12898207370201,0.9645942474452929,0.8355246425928772,0
2025-04-11,110.9160385131836,0.037511517924647145,111.43438415527343,128.37123657226562,-0.4257815468506274,95,0.17622729087622058,41.81248896429696,0.9953484227869239,0.8640256296880356,0
2025-04-14,110.6960678100586,0.04574534390309688,111.58395874023438,128.058804397583,-0.4269203473215043,98,0.13385912242007603,42.1417225455211,0.9920428443281638,0.8644159090099071,0
2025-04-15,112.18588256835938,0.02811573138921396,111.72194152832031,127.77956520080566,-0.41920749409073466,99,0.16510898095073734,48.656558829261726,1.0041526403291288,0.8779641908474113,0
2025-04-16,104.47685241699219,0.060640877878755474,111.27199798583985,127.35465522766113,-0.45911756866731435,100,-0.08606663722999097,44.53025790464891,0.9389321150707441,0.8203614719087242,0
2025-04-17,101.47722625732422,0.04231688174328574,110.70846862792969,126.9109457397461,-0.47464679885367916,101,-0.056521371199621306,43.676553532184286,0.9166166555728457,0.7995939646169029,0
2025-04-21,96.89781188964844,0.04454795662066872,109.718193359375,126.4136442565918,-0.4983546797858335,105,-0.12638592949629135,41.56245320132674,0.8831517264622266,0.7665138716590376,0
2025-04-22,98.87755584716797,0.025612460119073567,108.89269714355468,125.98332664489746,-0.4881054360501445,106,-0.10676541811015183,41.74244146206101,0.9080274292114959,0.7848463640420363,0
2025-04-23,102.69707489013672,0.026597842498838398,108.38396118164063,125.65048736572265,-0.46833157515474844,107,-0.08458112073451618,44.62567625959433,0.9475301859287717,0.8173233311162817,0
2025-04-24,106.4166030883789,0.03314650361330856,107.94041687011719,125.34584587097169,-0.4490753723812763,108,0.018566319969563372,53.46400966200122,0.9858828247479176,0.8489838841402201,0
2025-04-25,110.99604034423828,0.057931632198487334,107.6396551513672,125.10279434204102,-0.4253673729557323,109,0.09380246620829413,63.06321642045471,1.0311816791697372,0.8872386978085097,0
2025-04-28,108.71631622314453,0.039657270550607394,107.28090026855469,124.80785377502441,-0.43716963055498986,112,0.12196874318437168,58.819791301806504,1.0133799767805507,0.8710695115318136,0
2025-04-29,109.00627899169922,0.02563383072139763,106.78536224365234,124.51201385498047,-0.4356684772983254,113,0.1024370298977344,60.28792679598774,1.0207979511553222,0.8754679618198062,0
2025-04-30,108.90629577636719,0.04632905409530585,106.31462127685546,124.19887878417968,-0.4361860959224529,114,0.06046151648304465,43.83686721861132,1.0243774042402194,0.8768702007818734,0
2025-05-01,111.59595489501953,0.03218959436423359,106.22863189697266,123.86385444641114,-0.4222615822153745,115,0.048670523737157634,55.072825626649134,1.0505261425493313,0.9009565816741216,0
2025-05-02,114.485595703125,0.017778934786049843,106.35141632080078,123.55842628479004,-0.4073017522644482,116,0.03143855715991628,54.5362209098833,1.0764839779640367,0.9265705233186359,0
2025-05-05,113.80567932128906,0.01780173980731576,106.51739532470702,123.27239311218261,-0.41082171689970104,119,0.04681324087268024,53.906056384109775,1.0684234154840575,0.9232049159435197,0
2025-05-06,113.52571868896484,0.03516324049968292,106.72376953125,123.01985275268555,-0.4122710885450544,120,0.04146036117433005,51.73575728199673,1.0637341539526783,0.9228243746738394,0
2025-05-07,117.04527282714844,0.04776648721899304,107.00013488769531,122.83989959716797,-0.3940501625176338,121,0.07473376073220028,68.26504228737676,1.093879675478879,0.9528278125509545,0
2025-05-08,117.35523986816406,0.02393236220765072,107.27810028076172,122.62065551757813,-0.3924454460383473,122,0.051608366795753424,75.03154256556464,1.0939347318886992,0.9570593092396309,0
2025-05-09,116.63532257080078,0.025735017569062307,107.87202545166015,122.41390785217285,-0.3961724976210477,123,0.018777269354044224,85.42710099586192,1.081237902806114,0.9527946996974371,0
2025-05-12,122.98452758789062,0.022300575497915417,109.01948120117187,122.3015454864502,-0.3633023128171772,126,0.08065369251642007,87.40301373865006,1.1280967973141358,1.0055844110450436,0
2025-05-13,129.9136505126953,0.05400863993196168,110.31091888427734,122.28096961975098,-0.3274298609977744,127,0.14435435435233623,88.51157453138883,1.1777043635089506,1.0624192048581163,0
2025-05-14,135.32296752929688,0.028228302190472516,111.87232208251953,122.33058326721192,-0.2994255282474812,128,0.15615918747219126,89.03589107661278,1.2096197255070795,1.1062071635324842,0
2025-05-15,134.8130340576172,0.027105514719124958,112.69221893310547,122.38989433288575,-0.30206548197502253,129,0.14876024461340687,86.13468265861282,1.1962940772125779,1.1015046200705265,0
2025-05-16,135.38296508789062,0.02121567584606083,113.80527893066406,122.43720878601074,-0.29911491757520814,130,0.16073726298231406,92.67200343793226,1.1896018037122231,1.105733840474147,0
2025-05-19,135.55294799804688,0.026285941110225305,114.7907553100586,122.44603172302246,-0.29823490666749664,133,0.10219513508456779,92.6437566532729,1.1808699022138849,1.1070423932126503,0
2025-05-20,134.3630828857422,0.01459532959906384,115.73743591308593,122.39326683044433,-0.30439490402588404,134,0.03424915207514756,89.50957369514414,1.1609301849977336,1.0977979946550496,0
2025-05-21,131.78341674804688,0.05117990142450522,116.52133728027344,122.30920631408691,-0.3177499779997273,135,-0.02615631955073483,81.43878788886921,1.1309809844617809,1.077461139021951,0
2025-05-22,132.81329345703125,0.02041894453211315,117.654794921875,122.238344039917,-0.312418249435537,136,-0.014833436652210374,80.29750541817845,1.1288387655192615,1.0865109021246313,0
2025-05-23,131.2734832763672,0.02707683856670669,118.84664520263672,122.18127738952637,-0.32038993172726865,137,-0.030354497028895477,78.07777020166097,1.1045619592588616,1.074415704935331,0
2025-05-27,135.48294067382812,0.01751775035732746,120.3900503540039,122.1615062713623,-0.2985973384488773,141,-0.0005164574083609264,81.33558149962099,1.1253665919687212,1.1090477254993434,0
2025-05-28,134.7930450439453,0.0180842956402466,121.826669921875,122.16682914733887,-0.30216896620205147,142,0.0032000021804259315,77.55356290884936,1.1064329767068688,1.1033522436878396,0
2025-05-29,139.17250061035156,0.03922672640460238,123.2856869506836,122.17575538635253,-0.27949628302035545,143,0.05606990655305033,80.07167233054325,1.128861784791149,1.1391171691163338,0
2025-05-30,135.11300659179688,0.0482987088327841,124.43354309082031,122.08250007629394,-0.3005125076092505,144,0.01731538368566743,73.32156746210195,1.0858246356706402,1.106735252860645,0
2025-06-02,137.3627166748047,0.020075290504290005,125.48821014404297,121.96215278625488,-0.28886563434172263,147,0.04638585985882604,70.24212206423506,1.0946264714201552,1.1262733031249466,0
2025-06-03,141.2022247314453,0.02918290162401989,126.787646484375,121.97308036804199,-0.2689882892192976,148,0.04221405314331217,67.4067228092895,1.1136907155134135,1.1576507234660405,0
2025-06-04,141.9021453857422,0.020043646209866737,128.10348114013672,121.99130699157715,-0.2653647613614227,149,0.05274085424421693,61.868699519772036,1.1077149826280728,1.1632152231596287,0
2025-06-05,139.97239685058594,0.036364902831338836,129.34612518310547,122.03222679138183,-0.2753551760361497,150,0.005747516475786307,58.85383335131382,1.0821537688310157,1.147011740512393,0
2025-06-06,141.70216369628906,0.012350079527513899,130.55037353515624,122.11723854064941,-0.26640007760527074,151,0.04876774835156561,60.429042920912686,1.0854213577422644,1.1603780546439426,0
2025-06-09,142.612060546875,0.021370190002237797,131.67543212890624,122.22604621887207,-0.26168949139003334,154,0.038215201323498205,61.372432373966305,1.0830574712468923,1.1667894443014002,0
2025-06-10,143.94189453125,0.019342592049988176,132.8808807373047,122.30336174011231,-0.2548048674556641,155,0.019402454918931333,65.36245694766862,1.08324006984731,1.1769250859769362,0
2025-06-11,142.8219451904297,0.021575343080063775,134.05272979736327,122.39617210388184,-0.26060290700622973,156,0.006481930221612586,68.5731729421835,1.0654161642685094,1.1668824501244353,0
2025-06-12,144.9918212890625,0.022187742969639684,135.17059173583985,122.46929023742676,-0.24936933868207228,157,0.03586010207308643,69.73424982692117,1.072658034762591,1.1839034994648219,0
2025-06-13,141.9619903564453,0.019160554529771095,136.1548617553711,122.48091682434082,-0.26505494064508117,158,0.0018336110993557586,66.52197089416704,1.0426509088710167,1.1590539492780232,0
2025-06-16,144.6818389892578,0.02078824974299025,137.27672241210936,122.45735527038575,-0.2509741341569519,161,0.014513347850426017,64.90581917855909,1.0539429879081614,1.1814875363737884,0
2025-06-17,144.1118621826172,0.009966104136347216,138.12181579589844,122.42659446716308,-0.2539249355435458,162,0.0011808073800938512,65.15904740345358,1.0433678514302924,1.1771287342414025,0
2025-06-18,145.47178649902344,0.01756821662247053,138.74414123535155,122.45542304992676,-0.24688453229948115,163,0.01855346042977235,61.3634611996829,1.0484895809204642,1.187957077570281,0
2025-06-20,143.84188842773438,0.024407034212734068,139.08489807128908,122.7098998260498,-0.2553226045731813,165,-0.007931018805781953,67.25915279130417,1.0342020623548005,1.1722109514524965,0
2025-06-23,144.161865234375,0.019298245614035005,139.45885131835936,122.86189933776855,-0.25366606698478716,168,0.015496224534511827,64.55424562659599,1.0337233088581772,1.1733651035138988,0
2025-06-24,147.8916473388672,0.016900293728549506,139.95919860839842,123.1040852355957,-0.23435677917271708,169,0.022185288575490736,64.38695034641728,1.0566768658962067,1.2013545046521668,0
2025-06-25,154.30130004882812,0.034769225516554425,140.7091326904297,123.40086967468261,-0.20117365332657552,0,0.07070506002690458,71.40888686782355,1.0965976202006886,1.2504069092511847,0
2025-06-26,155.01126098632812,0.017438141397659195,141.53505981445312,123.75054374694824,-0.19749814636840668,0,0.06557611422039367,77.10860473009583,1.0952145792677925,1.2526107465297565,0
2025-06-27,157.74110412597656,0.022109794639025106,142.5733673095703,124.16160881042481,-0.18336559776676298,0,0.0966284289657744,77.90521347145307,1.1063854849094816,1.2704499050654405,0
2025-06-30,157.98109436035156,0.017045435936106433,143.58007934570313,124.55517814636231,-0.18212315507767085,0,0.09585911713551698,77.37787763653671,1.1002995337533876,1.2683623170986205,0
2025-07-01,153.29136657714844,0.036534594026275055,144.46079467773438,124.84006370544434,-0.20640213465051638,1,0.03651131984424216,64.874317916221,1.0611278092378866,1.2279020214122442,0
2025-07-02,157.2411346435547,0.030265426932411785,145.33112243652343,125.12595542907715,-0.1859539673719762,2,0.019052558817043375,71.04496119611463,1.081950871962977,1.2566628091218115,0
2025-07-03,159.3310089111328,0.020268937008571967,146.31264099121094,125.4211483001709,-0.1751345729427138,0,0.02786731684729471,70.97718507089401,1.0889763716362955,1.2703679648172677,0
2025-07-07,158.2310791015625,0.012452599612550288,147.07498413085938,125.66805000305176,-0.18082897027506423,4,0.0031061971976222846,75.22483752599467,1.0758531101439863,1.2591193950866586,0
2025-07-08,159.99098205566406,0.01148560729318972,148.07010314941405,125.94024894714356,-0.1717178555477104,0,0.012722330500686274,74.46471696714563,1.0805083447144015,1.2703721279986624,0
2025-07-09,162.87081909179688,0.020220782050318603,149.09042724609375,126.2578427886963,-0.1568087802653841,0,0.06249179408174488,77.91671946238742,1.0924297562240983,1.2899857584639367,0
2025-07-10,164.09075927734375,0.01758762938676235,150.0059686279297,126.5461450958252,-0.15049308259289448,0,0.04356127707496049,77.82432598215267,1.093894868172543,1.2966871424893145,0
2025-07-11,164.91070556640625,0.026997301099374607,150.92631103515626,126.80705451965332,-0.14624817539928717,0,0.03501952754460702,82.26649679290045,1.0926571015705306,1.3004852623624925,0
2025-07-14,164.06076049804688,0.02098325768374221,151.8898455810547,127.0539656829834,-0.15064838792903099,3,0.03684283409798739,79.9879964679262,1.0801298787975744,1.2912683174911703,0
2025-07-15,170.69036865234375,0.01869266255392148,153.04937377929687,127.36887260437011,-0.11632654060760567,0,0.06687493544453127,81.59649602880728,1.1152634240665753,1.3401262424810632,0
2025-07-16,171.36033630371094,0.016660856682985725,154.19930480957032,127.68168113708496,-0.1128580810990878,0,0.052124237228335035,78.11474127711497,1.1112912377609858,1.342090226081301,0
2025-07-17,172.99024963378906,0.01935822432477281,155.36123901367188,128.06757652282715,-0.10441992982979452,0,0.05423517080205298,78.7588410655995,1.1134710995614925,1.350773195922504,0
2025-07-18,172.40028381347656,0.017219566365319322,156.54437255859375,128.4890630340576,-0.10747421544341727,1,0.04541596145226845,75.17174990488907,1.1012870088891125,1.341750649763706,0
2025-07-21,171.37034606933594,0.013777162852749755,157.5995135498047,128.9367423248291,-0.1128062599899802,4,0.044554136827715585,72.38386627402723,1.0873786486351011,1.3291040472978932,0
2025-07-22,167.0205841064453,0.03974552179377956,158.6018572998047,129.29443397521973,-0.13532521774740275,5,-0.021499657976443487,73.21611032785836,1.0530808841079755,1.2917847966947755,0
2025-07-23,170.77037048339844,0.019406555239913078,159.6453985595703,129.80089935302735,-0.11591236671271056,6,-0.00344283766616138,73.03372712998822,1.0696855156753982,1.3156331838575628,0
2025-07-24,173.73020935058594,0.014671762604251515,160.83013244628907,130.28927352905274,-0.10058911753548916,0,0.004277464876565773,73.80955504779745,1.08020932836454,1.3334191268772901,0
2025-07-25,173.49021911621094,0.010137633204587345,161.95086975097655,130.88382415771486,-0.10183156022458131,1,0.006322120118512187,75.97004994964523,1.071252160503848,1.3255283472398807,0
2025-07-28,176.7400360107422,0.01741178430585961,163.26679565429689,131.4915771484375,-0.08500707879510233,0,0.03133383379662247,77.12990031547488,1.0825228442957484,1.3441167856038783,0
2025-07-29,175.50009155273438,0.024499890120603312,164.52032470703125,132.07383354187013,-0.09142633969021405,1,0.050769235969650994,71.60448131307066,1.0667380572294354,1.3288028888560823,0
2025-07-30,179.25990295410156,0.02181183062337311,165.77505493164062,132.7609733581543,-0.0719615885508211,0,0.04971314664641091,73.87470382518805,1.081344253078496,1.3502454706362037,0
2025-07-31,177.85997009277344,0.04029530137736242,166.71740173339845,133.41291847229004,-0.07920911824012986,1,0.023771114750996913,70.01542000770765,1.0668350648673934,1.3331540313295454,0
2025-08-01,173.710205078125,0.03245444319223439,167.46535949707032,134.08045349121093,-0.10069268075811123,2,0.0012680020985316176,63.534326671603395,1.0372903721689615,1.2955669566668928,0
2025-08-04,179.98985290527344,0.0324274523694243,168.3553094482422,134.79298889160157,-0.06818259736562336,0,0.01838755365158873,63.172790327217236,1.069107077734356,1.3353057483577169,0
2025-08-05,178.24993896484375,0.024273470264304497,169.16606323242186,135.41823387145996,-0.07719022786594827,1,0.015668638049018302,59.47206004829206,1.0536979791268257,1.316292007869782,0
2025-08-06,179.40988159179688,0.020699789364157676,170.21080383300782,136.05667808532715,-0.07118514086573166,2,0.0008366546853131318,58.941475762077516,1.0540452048379618,1.318640761457376,0
2025-08-07,180.7598114013672,0.027978199185637768,171.1515509033203,136.64772926330568,-0.0641964797351815,0,0.01630406947151264,61.402044605023264,1.0561389040726508,1.3228160641664393,0
2025-08-08,182.689697265625,0.015973611162356554,172.0858984375,137.27947662353515,-0.05420535410011617,0,0.05169236996445625,65.0691740753937,1.061619219961688,1.3307866678907831,0
2025-08-11,182.0497283935547,0.019719836735569603,173.03864440917968,137.94581916809082,-0.057518508272497514,3,0.011444397864835976,72.20081919546458,1.0520755581225356,1.3197190715270757,0
2025-08-12,183.14967346191406,0.027437630244093226,173.9649920654297,138.60226379394533,-0.05182403194455394,0,0.027488000980671723,69.8396861216836,1.0527961475894525,1.3214046325693183,1
2025-08-13,181.5797576904297,0.025298407845333888,174.713349609375,139.23291053771973,-0.0599515725415742,1,0.012094518314045954,63.16666700793028,1.0393009927198273,1.3041439483608133,0
2025-08-14,182.00973510742188,0.019805271535987386,175.43010864257812,139.87615600585937,-0.057725555722148485,2,0.006914831877531169,64.19995167792062,1.0375056854023224,1.3012205961664942,0
2025-08-15,180.4398193359375,0.0212227870393923,176.05127319335938,140.46660690307618,-0.06585309631916873,3,-0.012315297268330583,56.53245008704761,1.024927659215268,1.2845744858095942,0
2025-08-18,181.99972534179688,0.013012214972842566,176.76883178710938,141.07985595703124,-0.05777737683125609,6,-0.00027466699455724886,61.3477368995924,1.0295917187538315,1.290047569918335,0
2025-08-19,175.63009643554688,0.03842566895945798,176.9664208984375,141.69870002746583,-0.09075329723656037,7,-0.041057004821419385,44.19198910877407,0.99244871170414,1.2394615928128065,0
2025-08-20,175.39010620117188,0.04110291159161876,177.12761169433594,142.33844123840333,-0.0919957399256525,8,-0.034087783616334466,45.8956451975258,0.9901906570266277,1.2322047696687233,0
2025-08-21,174.97012329101562,0.01767226897356395,177.206806640625,142.99158042907715,-0.09417001463156377,9,-0.03867711698086629,52.38996106363543,0.9873781183013735,1.223639341323314,0
2025-08-22,177.97996520996094,0.042813274801675974,177.42999389648438,143.68771644592286,-0.07858789689558378,10,-0.013632545937085405,45.64747307592668,1.0030996524398093,1.2386581790861992,0
2025-08-25,179.79986572265625,0.029941105439555,177.7671746826172,144.38435371398927,-0.06916617149595693,13,-0.012087159005373604,53.344867510633,1.0114345690854805,1.2452863561575482,0
2025-08-26,181.75975036621094,0.01988227190711642,178.35674133300782,145.09789016723633,-0.05901974052475509,14,0.034900931304296945,54.90195828778892,1.0190797892345957,1.2526698365959632,0
2025-08-27,181.5897674560547,0.018628417788974696,178.78951721191407,145.89591590881346,-0.05989975143246659,15,0.03534783910656758,51.82097942928003,1.0156622730896552,1.2446528494296596,0
2025-08-28,180.1598358154297,0.04457469987898945,179.0467022705078,146.7545329284668,-0.06730258645791186,16,0.02966056391114491,44.324807611604434,1.0062170010997473,1.2276270601007315,0
2025-08-29,174.170166015625,0.02807253934571831,179.07390014648436,147.51995750427247,-0.09831143759814215,17,-0.021405775587390208,35.74530106580026,0.9726161426827246,1.180654936201298,0
2025-09-02,170.77037048339844,0.030352962718290407,178.83511352539062,148.26478233337403,-0.11591236671271056,21,-0.05021969956966443,29.325323974357275,0.9549040292870271,1.1517932161355788,0
2025-09-03,170.61038208007812,0.02063602729847884,178.63952514648437,148.82773002624512,-0.11674063550690761,22,-0.06134123899086008,30.774637001728152,0.9550539385960506,1.146361515088564,0
2025-09-04,171.65032958984375,0.014363585877001438,178.33514221191408,149.4686686706543,-0.11135676985123708,23,-0.05473567153841041,32.22377111161849,0.9625154496239063,1.1484034153543274,0
2025-09-05,167.01058959960938,0.029518487717142487,177.9011669921875,150.02961418151855,-0.1353769598609172,24,-0.07298655749937222,29.15246191484161,0.9387829907093505,1.1131841570794536,0
2025-09-08,168.30050659179688,0.02154581047209168,177.68477905273437,150.60565856933593,-0.1286989883982332,27,-0.03370071670771413,28.553553529641647,0.947185839378215,1.117491256241973,0
2025-09-09,170.7503662109375,0.02507534642027121,177.31519958496094,151.19130340576172,-0.11601592993533262,28,-0.00011714135423090966,41.29192861841962,0.9629764769777794,1.1293663217697376,0
2025-09-10,177.32000732421875,0.021625860952383866,177.27800231933594,151.91973495483398,-0.08200453529499403,29,0.03932718022395254,52.80932868243777,1.0002369442589225,1.1671953441528602,0
2025-09-11,177.1699981689453,0.021148726662153346,177.18840698242187,152.6766626739502,-0.08278114097126978,30,0.03215646944745609,53.22769498460381,0.9998961059936704,1.16042619131191,0
2025-09-12,177.82000732421875,0.012094330334707113,177.07081481933594,153.4858846282959,-0.07941600769859453,31,0.06472294811079848,49.747845877858595,1.004231033248744,1.1585430657343765,0
2025-09-15,177.75,0.024705479831028474,176.87322692871095,154.2746090698242,-0.07977843947997516,34,0.0561465535639909,46.57995283114937,1.004957070589561,1.1521662642460555,0
2025-09-16,174.8800048828125,0.0176270910575565,176.58643798828126,154.996438369751,-0.09463656260471853,35,0.024185240497659688,38.85997253481698,0.9903365562785631,1.128284022021386,0
2025-09-17,170.2899932861328,0.02774555898440314,176.07205078125,155.63517227172852,-0.1183993059763168,36,-0.039645915563447875,33.99398441376998,0.967160844271072,1.094161369827239,0
2025-09-18,176.24000549316406,0.023795835678326337,175.85846069335938,156.28761192321778,-0.08759576438268815,37,-0.005249154401945844,45.07789076439174,1.0021696129847855,1.127664587899319,0
2025-09-19,176.6699981689453,0.016498885388761417,175.6448712158203,156.9671487426758,-0.08536966856766928,38,-0.006467265256471566,53.64843913195881,1.0058363614378778,1.1255221209284332,0
2025-09-22,183.61000061035156,0.05613232268447445,175.77167846679689,157.7131859588623,-0.04944089289034922,0,0.03296765462926343,66.98402715319368,1.044593771942818,1.1642019625311744,0
2025-09-23,178.42999267578125,0.03412645718206216,175.62888916015626,158.40842292785644,-0.07625807986675655,1,0.02029956366565533,59.130973032532296,1.0159489906758485,1.1263920780086498,0
2025-09-24,176.97000122070312,0.024364492288569607,175.6824853515625,159.06216339111327,-0.08381653621071095,2,0.039227248798736625,56.15144594180661,1.0073286524070066,1.1125838945466673,0
2025-09-25,177.69000244140625,0.04086422397188353,175.77448120117188,159.6942074584961,-0.08008905015224821,3,0.008227399586062889,63.58031542509429,1.0108976071335525,1.1126890904141729,0
2025-09-26,178.19000244140625,0.027165132437674863,175.9032763671875,160.33805068969727,-0.0775005225558487,4,0.00860363552507315,62.83365385224659,1.0129999060929675,1.1113394585684337,0
2025-09-29,181.85000610351562,0.020395681567165567,176.05807800292968,161.02129356384276,-0.05855248159126195,7,-0.00958550460751273,63.965435151552384,1.0328978264802458,1.1293537772469489,0
2025-09-30,186.5800018310547,0.03223863311152165,176.32928344726562,161.71664085388184,-0.034065032648088696,0,0.04567622871611343,62.216338804348304,1.058133953608759,1.1537464595226041,1
2025-11-11,193.16000366210938,0.021111399364393692,176.78529357910156,162.4746884918213,0.0,0,0.09148444555422341,68.03518365090615,1.0926248431161558,1.1888621264956771,0
